IP Address,Login Source,Login Date & Time
69.118.22.47,Web,"Jun 16, 2018, 12:26:59 AM"
156.145.60.217,Web,"Jan 30, 2018, 5:17:07 PM"
156.145.60.217,Web,"Aug 9, 2018, 7:51:02 PM"
68.174.165.111,Web,"Aug 22, 2017, 7:12:23 PM"
156.145.60.217,Web,"Apr 4, 2019, 3:18:24 PM"
68.196.217.12,Web,"Jan 20, 2018, 7:43:10 PM"
68.174.165.111,Web,"Aug 15, 2017, 6:47:56 AM"
69.118.22.47,Web,"Jul 25, 2018, 11:19:58 AM"
156.145.60.217,Web,"Dec 11, 2017, 10:03:18 PM"
156.145.60.217,Web,"Jan 17, 2018, 4:26:56 PM"
156.145.60.217,Web,"Sep 25, 2017, 8:21:00 PM"
156.145.60.217,Web,"Nov 14, 2018, 6:07:14 PM"
68.196.217.12,Web,"Jan 27, 2018, 6:53:01 PM"
68.196.217.12,Web,"Apr 10, 2018, 3:31:47 AM"
68.196.217.12,Web,"Nov 29, 2017, 2:49:34 PM"
68.196.217.12,Web,"Apr 7, 2018, 4:01:09 AM"
68.196.217.12,Web,"Apr 25, 2018, 1:27:01 AM"
68.174.168.214,Web,"Mar 1, 2017, 4:32:08 AM"
68.174.168.214,Web,"Aug 2, 2016, 1:24:25 AM"
69.118.22.47,Web,"Aug 10, 2018, 4:43:00 AM"
69.118.22.47,Web,"May 18, 2018, 3:40:03 AM"
156.145.60.217,Web,"May 31, 2019, 4:34:04 PM"
68.174.165.111,Web,"Sep 20, 2017, 4:36:37 PM"
68.196.217.12,Web,"Jan 3, 2018, 6:45:40 PM"
68.196.217.12,Web,"Feb 5, 2018, 3:35:12 PM"
156.145.60.217,Web,"Mar 25, 2019, 7:24:33 PM"
69.118.22.47,Web,"Jul 18, 2018, 5:48:24 PM"
156.145.60.217,Web,"Mar 8, 2018, 7:13:50 PM"
68.196.217.12,Web,"Dec 21, 2017, 2:13:01 PM"
68.196.217.12,Web,"Jan 2, 2018, 2:05:39 PM"
156.145.60.217,Web,"Nov 7, 2018, 4:42:14 PM"
156.145.60.217,Web,"Feb 18, 2019, 10:31:49 PM"
68.196.217.12,Web,"Dec 13, 2017, 3:20:46 PM"
68.173.104.95,Web,"Apr 12, 2015, 2:43:05 AM"
68.196.217.12,Web,"Nov 2, 2017, 1:03:02 PM"
69.118.22.47,Web,"Mar 17, 2019, 2:40:18 AM"
68.196.217.12,Web,"Feb 6, 2018, 7:35:21 PM"
156.145.60.217,Web,"Apr 4, 2018, 8:22:02 PM"
68.174.165.111,Web,"Aug 27, 2017, 11:21:30 PM"
91.115.74.17,Web,"Dec 2, 2014, 9:12:37 AM"
69.118.22.47,Web,"Jul 5, 2018, 4:26:33 AM"
68.193.109.137,Web,"Oct 6, 2017, 1:01:57 PM"
68.174.165.111,Web,"Sep 19, 2017, 3:57:17 AM"
156.145.60.217,Web,"Mar 3, 2017, 8:03:32 PM"
156.145.60.217,Web,"Apr 4, 2019, 3:18:28 PM"
156.145.60.217,Web,"Jun 6, 2018, 9:44:47 PM"
156.145.60.217,Web,"Jul 30, 2018, 7:02:17 PM"
156.145.60.217,Web,"May 7, 2018, 6:42:14 PM"
69.118.22.47,Web,"Jul 17, 2018, 11:59:22 PM"
156.145.60.217,Web,"Jul 16, 2018, 7:52:03 PM"
156.145.60.217,Web,"Dec 19, 2017, 10:05:18 PM"
156.145.60.217,Web,"Apr 17, 2018, 8:36:19 PM"
156.145.60.217,Web,"Mar 2, 2015, 10:24:51 PM"
68.196.217.12,Web,"Feb 10, 2018, 4:23:29 AM"
156.145.60.217,Web,"Apr 3, 2019, 4:12:56 PM"
68.174.165.111,Web,"Aug 26, 2017, 4:02:35 PM"
69.118.22.47,Web,"Nov 17, 2018, 6:13:45 PM"
156.145.60.217,Web,"Sep 25, 2018, 7:24:31 PM"
69.118.22.47,Web,"Sep 24, 2018, 11:25:10 PM"
68.174.165.111,Web,"Jul 10, 2017, 1:35:34 AM"
156.145.60.217,Web,"Sep 11, 2018, 6:50:41 PM"
69.118.22.47,Web,"Apr 14, 2019, 12:22:10 AM"
156.145.60.217,Web,"Mar 7, 2019, 7:43:34 PM"
69.118.22.47,Web,"Jul 18, 2018, 7:01:20 PM"
156.145.60.217,Web,"Mar 5, 2018, 10:48:10 PM"
107.77.203.219,Web,"Jun 25, 2017, 1:49:45 AM"
156.145.60.217,Web,"Mar 30, 2015, 8:38:21 PM"
156.145.60.217,Web,"Jul 27, 2018, 9:10:55 PM"
69.118.22.47,Web,"Oct 17, 2018, 1:39:35 AM"
68.173.104.95,Web,"Apr 12, 2015, 3:55:43 AM"
69.118.22.47,Web,"Jul 18, 2018, 2:12:52 AM"
68.174.168.214,Web,"May 29, 2016, 11:31:47 PM"
156.145.60.217,Web,"Jul 25, 2018, 6:45:42 PM"
96.246.152.253,Web,"May 25, 2019, 4:34:11 AM"
96.246.152.253,Web,"May 25, 2019, 4:34:16 AM"
156.145.60.217,Web,"Sep 20, 2017, 7:50:38 PM"
69.118.22.47,Web,"Apr 14, 2019, 12:22:04 AM"
96.246.152.253,Web,"May 17, 2019, 6:27:41 PM"
68.196.217.12,Web,"Dec 1, 2017, 2:34:11 PM"
69.118.22.47,Web,"Mar 17, 2019, 2:40:24 AM"
68.174.165.111,Web,"Apr 14, 2017, 2:17:58 AM"
68.173.104.95,Web,"Feb 26, 2015, 5:55:05 AM"
68.196.217.12,Web,"Nov 20, 2017, 2:15:34 PM"
68.196.217.12,Web,"Nov 30, 2017, 1:53:40 PM"
69.118.22.47,Web,"Jun 19, 2018, 2:30:26 PM"
69.118.22.47,Web,"Jun 2, 2018, 12:29:46 AM"
156.145.60.217,Web,"Nov 15, 2017, 9:32:48 PM"
69.86.12.74,Web,"Mar 20, 2016, 9:47:00 PM"
156.145.60.217,Web,"Jan 16, 2018, 8:46:02 PM"
156.145.60.217,Web,"Mar 8, 2016, 7:39:51 PM"
69.118.22.47,Web,"Oct 10, 2018, 11:48:28 PM"
156.145.60.217,Web,"Sep 11, 2018, 8:15:33 PM"
156.145.60.217,Web,"Apr 3, 2018, 7:12:10 PM"
68.196.217.12,Web,"Dec 1, 2017, 4:20:03 AM"
156.145.60.217,Web,"Apr 10, 2018, 7:54:12 PM"
156.145.60.217,Web,"Nov 28, 2018, 8:56:32 PM"
68.173.104.95,Web,"Jan 9, 2015, 2:23:25 AM"
68.174.165.111,Web,"Oct 12, 2017, 8:52:57 PM"
68.196.217.12,Web,"Apr 3, 2018, 4:52:51 AM"
69.118.22.47,Web,"May 14, 2018, 4:34:40 AM"
69.118.22.47,Web,"Sep 29, 2018, 3:20:27 AM"
156.145.60.217,Web,"Mar 25, 2019, 7:24:38 PM"
68.196.217.12,Web,"Jan 12, 2018, 3:47:19 AM"
69.118.22.47,Web,"May 2, 2018, 4:43:19 AM"
68.174.168.214,Web,"Sep 29, 2016, 12:12:53 AM"
96.246.152.253,Web,"Jun 4, 2019, 10:02:53 PM"
68.174.165.111,Web,"Aug 18, 2017, 11:41:25 PM"
107.77.224.56,Web,"Apr 14, 2018, 7:44:27 PM"
68.196.217.12,Web,"Dec 8, 2017, 3:13:11 PM"
156.145.60.217,Web,"Feb 12, 2018, 8:29:54 PM"
68.196.217.12,Web,"Mar 6, 2018, 2:00:19 AM"
68.174.168.214,Web,"Jul 31, 2016, 3:40:36 AM"
69.118.22.47,Web,"Apr 3, 2019, 1:16:37 PM"
68.174.165.111,Web,"Sep 14, 2017, 5:02:19 AM"
172.56.3.149,Web,"Sep 30, 2017, 6:43:31 PM"
69.118.22.47,Web,"Dec 2, 2018, 3:49:59 AM"
68.174.168.214,Web,"Jul 9, 2016, 4:13:50 AM"
156.145.60.217,Web,"Sep 19, 2018, 5:55:47 PM"
69.118.22.47,Web,"Jul 12, 2018, 12:32:50 PM"
68.174.168.214,Web,"Apr 20, 2016, 11:49:01 PM"
68.196.217.12,Web,"Jan 19, 2018, 1:53:22 PM"
156.145.60.217,Web,"Jul 25, 2018, 8:13:14 PM"
68.193.109.137,Web,"Oct 27, 2017, 1:29:00 PM"
96.246.152.253,Web,"Jun 10, 2019, 12:44:04 PM"
69.118.22.47,Web,"Aug 26, 2018, 5:20:48 PM"
68.173.104.95,Web,"Mar 8, 2015, 10:25:23 PM"
12.191.47.140,Web,"Feb 21, 2018, 6:29:49 PM"
156.145.60.217,Web,"Aug 24, 2017, 8:55:03 PM"
156.145.60.217,Web,"Jun 7, 2018, 4:30:03 PM"
68.196.217.12,Web,"Apr 2, 2018, 1:10:05 PM"
156.145.60.217,Web,"Apr 19, 2018, 3:01:56 PM"
156.145.60.217,Web,"Sep 27, 2018, 3:25:20 PM"
156.145.60.217,Web,"Jun 13, 2019, 3:44:16 PM"
96.246.152.253,Web,"Jun 15, 2019, 1:21:27 AM"
96.246.152.253,Web,"Jun 26, 2019, 2:41:14 AM"
96.246.152.253,Web,"Jun 26, 2019, 2:41:20 AM"
96.246.152.253,Web,"Jun 28, 2019, 8:08:18 PM"
96.246.152.253,Web,"Jul 3, 2019, 1:43:53 AM"
96.246.152.253,Web,"Jul 5, 2019, 4:11:48 AM"
96.246.152.253,Web,"Jul 9, 2019, 1:03:17 PM"
96.246.152.253,Web,"Jul 10, 2019, 5:04:37 PM"
96.246.152.253,Web,"Jul 12, 2019, 4:46:28 AM"
96.246.152.253,Web,"Jul 15, 2019, 12:37:21 PM"
96.246.152.253,Web,"Jul 15, 2019, 12:47:49 PM"
96.246.152.253,Web,"Jul 16, 2019, 3:10:52 AM"
96.246.152.253,Web,"Jul 16, 2019, 3:39:33 AM"
96.246.152.253,Web,"Jul 16, 2019, 5:44:13 AM"
96.246.152.253,Web,"Jul 17, 2019, 12:39:16 PM"
96.246.152.253,Web,"Jul 17, 2019, 1:43:44 PM"
96.246.152.253,Web,"Jul 17, 2019, 8:06:05 PM"
96.246.152.253,Web,"Jul 19, 2019, 1:57:29 AM"
96.246.152.253,Web,"Jul 19, 2019, 5:49:16 PM"
156.145.60.217,Web,"Jul 25, 2019, 9:51:52 PM"
96.246.152.253,Web,"Jul 26, 2019, 3:49:13 AM"
96.246.152.253,Web,"Jul 27, 2019, 2:06:04 AM"
96.246.152.253,Web,"Jul 28, 2019, 9:06:35 PM"
96.246.152.253,Web,"Aug 1, 2019, 12:44:21 PM"
96.246.152.253,Web,"Aug 2, 2019, 5:11:44 PM"
96.246.152.253,Web,"Aug 4, 2019, 1:06:03 PM"
96.246.152.253,Web,"Aug 5, 2019, 1:28:04 PM"
96.246.152.253,Web,"Aug 6, 2019, 5:01:18 PM"
96.246.152.253,Web,"Aug 7, 2019, 1:19:20 PM"
96.246.152.253,Web,"Aug 9, 2019, 8:35:41 PM"
96.246.152.253,Web,"Aug 10, 2019, 4:29:53 AM"
96.246.152.253,Web,"Aug 16, 2019, 6:51:57 PM"
96.246.152.253,Web,"Sep 8, 2019, 7:28:18 PM"
96.246.152.253,Web,"Sep 9, 2019, 2:17:55 PM"
96.246.152.253,Web,"Sep 13, 2019, 7:37:45 PM"
96.246.152.253,Mobile,"Sep 20, 2019, 7:31:14 PM"
96.246.152.253,Web,"Oct 11, 2019, 9:04:43 PM"
2604:ca00:17b:4e64:62c4:274a:9a8b:ccfc,Mobile,"Oct 24, 2019, 8:54:26 PM"
96.246.152.253,Web,"Nov 5, 2019, 4:32:42 PM"
71.115.155.136,Web,"Dec 26, 2019, 5:01:16 PM"
199.188.178.10,Web,"Jan 11, 2020, 5:35:39 AM"
71.167.8.144,Web,"Mar 17, 2020, 7:52:11 PM"
71.167.8.144,Web,"Mar 28, 2020, 10:47:52 PM"
71.167.8.144,Web,"Mar 30, 2020, 6:26:14 AM"
71.167.8.144,Web,"Mar 31, 2020, 10:40:49 PM"
71.167.8.144,Web,"Apr 2, 2020, 3:02:33 AM"
71.167.8.144,Web,"Apr 3, 2020, 3:36:25 AM"
71.167.8.144,Web,"Apr 3, 2020, 7:17:15 PM"
71.167.8.144,Web,"Apr 5, 2020, 4:05:27 PM"
71.167.8.144,Web,"Apr 7, 2020, 4:13:42 AM"
71.167.8.144,Web,"Apr 8, 2020, 1:04:06 AM"
71.167.8.144,Web,"Apr 8, 2020, 1:14:08 AM"
71.167.8.144,Web,"Apr 8, 2020, 11:28:51 PM"
71.167.8.144,Web,"Apr 13, 2020, 3:05:04 AM"
71.167.8.144,Web,"Apr 14, 2020, 9:18:46 PM"
71.167.8.144,Web,"Apr 14, 2020, 10:41:43 PM"
71.167.8.144,Web,"Apr 15, 2020, 8:34:26 PM"
71.167.8.144,Web,"Apr 15, 2020, 10:30:43 PM"
71.167.8.144,Web,"Apr 17, 2020, 9:36:19 PM"
71.167.8.144,Web,"Apr 18, 2020, 4:44:35 AM"
71.167.8.144,Web,"Apr 19, 2020, 3:53:24 AM"
71.167.8.144,Web,"Apr 19, 2020, 4:36:35 AM"
71.115.155.136,Web,"Apr 25, 2020, 6:13:09 PM"
71.167.8.144,Web,"Apr 27, 2020, 11:27:46 PM"
71.167.8.144,Web,"Apr 28, 2020, 10:49:12 PM"
71.167.8.144,Web,"Apr 29, 2020, 11:07:06 PM"
71.115.155.136,Web,"May 3, 2020, 4:27:03 AM"
71.167.8.144,Web,"May 4, 2020, 7:07:03 AM"
71.167.8.144,Web,"May 4, 2020, 10:23:15 PM"
71.167.8.144,Web,"May 5, 2020, 9:59:19 PM"
71.167.8.144,Web,"May 7, 2020, 2:51:35 AM"
71.167.8.144,Web,"May 7, 2020, 8:22:27 AM"
71.115.155.136,Web,"May 10, 2020, 6:23:24 AM"
71.167.8.144,Web,"May 12, 2020, 12:25:58 AM"
71.167.8.144,Web,"May 16, 2020, 9:48:32 PM"
71.167.8.144,Web,"May 17, 2020, 11:58:38 AM"
71.167.8.144,Web,"May 18, 2020, 1:36:33 AM"
71.115.155.136,Web,"May 20, 2020, 6:39:30 AM"
71.115.155.136,Web,"May 21, 2020, 10:38:59 PM"
71.115.155.136,Web,"May 25, 2020, 12:30:46 AM"
71.167.8.144,Web,"May 27, 2020, 5:44:43 AM"
71.167.8.144,Web,"May 27, 2020, 4:57:09 PM"
71.115.155.136,Web,"May 30, 2020, 9:00:59 PM"
71.115.155.136,Web,"May 31, 2020, 5:32:02 PM"
71.115.155.136,Web,"Jun 1, 2020, 8:48:13 PM"
71.115.155.136,Web,"Jun 2, 2020, 9:14:01 PM"
71.115.155.136,Web,"Jun 3, 2020, 4:29:06 PM"
71.115.155.136,Web,"Jun 3, 2020, 5:23:11 PM"
71.115.155.136,Web,"Jun 7, 2020, 3:21:41 AM"
174.204.140.208,Web,"Jun 10, 2020, 12:30:21 AM"
71.115.155.136,Web,"Jun 10, 2020, 2:23:41 AM"
71.115.155.136,Web,"Jun 10, 2020, 3:58:12 AM"
71.167.8.144,Web,"Jun 11, 2020, 2:17:26 AM"
71.167.8.144,Web,"Jun 11, 2020, 4:05:39 PM"
71.167.8.144,Web,"Jun 11, 2020, 10:03:07 PM"
71.167.8.144,Web,"Jun 12, 2020, 5:32:08 AM"
71.115.155.136,Web,"Jun 14, 2020, 2:13:25 AM"
71.115.155.136,Web,"Jun 14, 2020, 9:21:30 PM"
71.167.8.144,Web,"Jun 16, 2020, 2:18:47 PM"
71.167.8.144,Web,"Jun 17, 2020, 11:35:54 PM"
71.167.8.144,Web,"Jun 18, 2020, 2:26:27 AM"
71.167.8.144,Web,"Jun 24, 2020, 3:55:56 PM"
71.167.8.144,Web,"Jun 27, 2020, 3:21:28 PM"
71.167.8.144,Web,"Jun 27, 2020, 7:14:19 PM"
71.167.8.144,Web,"Jun 30, 2020, 5:19:29 PM"
71.167.8.144,Web,"Jul 1, 2020, 2:17:07 PM"
71.115.155.136,Web,"Jul 4, 2020, 2:36:51 PM"
71.115.155.136,Web,"Jul 5, 2020, 6:24:05 PM"
71.167.8.144,Web,"Jul 10, 2020, 7:32:15 PM"
71.167.8.144,Web,"Jul 10, 2020, 8:12:16 PM"
71.167.8.144,Web,"Jul 12, 2020, 9:46:13 PM"
71.167.8.144,Web,"Jul 14, 2020, 12:35:54 AM"
71.167.8.144,Web,"Jul 17, 2020, 1:57:43 PM"
71.167.8.144,Web,"Jul 17, 2020, 2:49:54 PM"
71.167.8.144,Mobile,"Jul 17, 2020, 4:53:58 PM"
71.167.8.144,Web,"Jul 17, 2020, 5:06:11 PM"
71.167.8.144,Mobile,"Jul 17, 2020, 8:42:29 PM"
71.167.8.144,Web,"Jul 18, 2020, 3:27:17 PM"
71.167.8.144,Web,"Jul 20, 2020, 3:43:10 PM"
2604:ca00:16a:10e::60:dbaa,Mobile,"Jul 21, 2020, 2:51:13 PM"
71.167.8.144,Web,"Jul 23, 2020, 3:40:43 PM"
71.167.8.144,Web,"Jul 24, 2020, 11:44:52 PM"
71.167.8.144,Web,"Jul 25, 2020, 8:03:39 PM"
71.167.8.144,Web,"Jul 26, 2020, 1:35:53 PM"
71.167.8.144,Web,"Jul 29, 2020, 7:52:57 PM"
71.167.8.144,Web,"Jul 30, 2020, 4:30:22 AM"
71.167.8.144,Web,"Aug 4, 2020, 2:15:10 PM"
71.167.8.144,Web,"Aug 4, 2020, 2:15:56 PM"
71.167.8.144,Web,"Aug 5, 2020, 12:23:41 AM"
71.167.8.144,Web,"Aug 5, 2020, 6:07:58 AM"
71.167.8.144,Web,"Aug 6, 2020, 9:33:50 PM"
71.167.8.144,Web,"Aug 11, 2020, 11:26:37 PM"
100.37.100.148,Web,"Aug 12, 2020, 11:03:53 PM"
100.37.100.148,Web,"Aug 14, 2020, 4:32:04 PM"
100.37.100.148,Web,"Aug 18, 2020, 1:23:12 PM"
100.37.100.148,Web,"Aug 25, 2020, 9:43:30 PM"
100.37.100.148,Web,"Aug 28, 2020, 11:17:43 PM"
100.37.100.148,Web,"Aug 30, 2020, 7:19:56 PM"
100.37.100.148,Web,"Sep 4, 2020, 1:53:05 PM"
100.37.100.148,Web,"Sep 12, 2020, 11:15:46 PM"
100.37.100.148,Web,"Sep 13, 2020, 1:04:12 AM"
100.37.100.148,Web,"Sep 13, 2020, 1:06:35 PM"
100.37.100.148,Web,"Sep 20, 2020, 6:10:34 PM"
100.37.100.148,Web,"Sep 20, 2020, 8:15:20 PM"
100.37.100.148,Web,"Sep 26, 2020, 8:23:03 PM"
100.37.100.148,Web,"Sep 27, 2020, 12:54:17 PM"
100.37.100.148,Web,"Oct 1, 2020, 10:49:25 PM"
67.255.82.11,Web,"Oct 4, 2020, 2:56:13 AM"
100.37.100.148,Web,"Oct 9, 2020, 11:05:48 PM"
67.255.82.11,Web,"Oct 15, 2020, 5:33:42 PM"
100.37.100.148,Web,"Oct 18, 2020, 9:25:57 PM"
100.37.100.148,Web,"Oct 19, 2020, 2:03:31 PM"
100.37.100.148,Web,"Oct 24, 2020, 1:56:31 AM"
100.37.100.148,Web,"Oct 25, 2020, 4:46:23 AM"
100.37.100.148,Web,"Nov 2, 2020, 2:04:31 AM"
100.37.100.148,Web,"Nov 13, 2020, 8:30:44 PM"
100.37.100.148,Web,"Nov 23, 2020, 5:54:28 PM"
100.37.100.148,Web,"Nov 25, 2020, 8:47:07 PM"
67.255.82.11,Web,"Nov 29, 2020, 4:32:06 AM"
100.37.100.148,Web,"Dec 3, 2020, 10:17:07 PM"
100.37.100.148,Web,"Dec 5, 2020, 4:27:28 PM"
100.37.100.148,Web,"Dec 6, 2020, 8:05:43 PM"
100.37.100.148,Web,"Dec 6, 2020, 11:24:52 PM"
100.37.100.148,Web,"Dec 7, 2020, 5:33:46 AM"
100.37.100.148,Web,"Dec 13, 2020, 10:32:50 PM"
100.37.100.148,Web,"Dec 19, 2020, 6:21:10 PM"
100.37.100.148,Web,"Jan 5, 2021, 5:48:34 AM"
73.162.135.210,Web,"Jan 12, 2021, 7:12:39 AM"
73.162.135.210,Web,"Jan 23, 2021, 5:08:37 PM"
73.162.135.210,Web,"Jan 24, 2021, 2:25:09 AM"
73.162.135.210,Web,"Jan 27, 2021, 11:09:35 PM"
73.162.135.210,Web,"Jan 28, 2021, 8:12:21 AM"
73.162.135.210,Web,"Feb 2, 2021, 1:14:20 AM"
73.162.135.210,Web,"Feb 2, 2021, 5:29:23 PM"
73.162.135.210,Web,"Feb 3, 2021, 5:40:36 PM"
73.162.135.210,Web,"Feb 7, 2021, 3:33:20 AM"
73.162.135.210,Web,"Feb 14, 2021, 6:09:48 PM"
73.162.135.210,Web,"Feb 21, 2021, 2:07:40 AM"
174.194.199.75,Web,"Feb 21, 2021, 9:32:21 PM"
174.194.199.75,Web,"Feb 21, 2021, 9:33:01 PM"
73.162.135.210,Web,"Feb 25, 2021, 7:40:21 PM"
73.162.39.233,Web,"Mar 15, 2021, 10:25:12 PM"
73.162.39.233,Web,"Mar 21, 2021, 5:32:26 AM"
73.162.39.233,Web,"Mar 21, 2021, 6:34:46 AM"
73.162.39.233,Web,"Mar 23, 2021, 5:32:09 AM"
73.162.39.233,Web,"Mar 24, 2021, 4:53:42 AM"
73.162.39.233,Web,"Mar 27, 2021, 4:55:56 PM"
73.162.39.233,Web,"Mar 28, 2021, 3:33:14 PM"
73.162.39.233,Web,"Apr 17, 2021, 11:46:09 PM"
73.162.39.233,Web,"Apr 18, 2021, 2:08:27 AM"
73.162.39.233,Web,"Apr 19, 2021, 3:39:28 PM"
73.162.39.233,Web,"Apr 28, 2021, 2:11:52 AM"
73.162.39.233,Web,"Apr 28, 2021, 2:12:05 AM"
174.194.205.75,Web,"Apr 28, 2021, 7:32:47 AM"
172.58.35.212,Web,"Apr 28, 2021, 7:35:03 AM"
64.206.71.98,Web,"May 2, 2021, 12:50:01 AM"
64.206.71.98,Web,"May 2, 2021, 12:51:25 AM"
67.255.82.11,Web,"May 7, 2021, 12:59:02 AM"
67.255.82.11,Web,"May 7, 2021, 9:32:55 PM"
72.13.128.84,Web,"May 11, 2021, 3:44:20 AM"
73.162.39.233,Web,"May 12, 2021, 2:33:53 AM"
73.162.39.233,Web,"May 13, 2021, 8:28:24 AM"
73.162.39.233,Web,"May 13, 2021, 4:57:14 PM"
73.162.39.233,Web,"May 14, 2021, 4:39:47 AM"
73.162.39.233,Web,"May 17, 2021, 4:42:39 PM"
73.162.39.233,Web,"May 21, 2021, 3:39:12 PM"
73.162.39.233,Web,"May 24, 2021, 3:41:46 AM"
73.162.39.233,Web,"May 26, 2021, 10:21:40 PM"
73.162.39.233,Web,"May 27, 2021, 2:24:58 PM"
73.162.39.233,Web,"May 27, 2021, 7:17:03 PM"
73.162.39.233,Web,"May 31, 2021, 7:01:54 PM"
73.162.39.233,Web,"Jun 4, 2021, 5:45:39 AM"
73.162.39.233,Web,"Jun 9, 2021, 6:53:43 PM"
73.162.39.233,Web,"Jun 11, 2021, 4:14:43 AM"
73.162.39.233,Web,"Jun 11, 2021, 7:09:05 AM"
73.162.39.233,Web,"Jun 11, 2021, 6:02:47 PM"
73.162.39.233,Web,"Jun 12, 2021, 7:57:46 AM"
73.162.39.233,Web,"Jun 12, 2021, 2:21:51 PM"
73.162.39.233,Web,"Jun 13, 2021, 7:13:57 PM"
73.162.39.233,Web,"Jun 15, 2021, 12:15:22 AM"
73.162.39.233,Web,"Jun 15, 2021, 1:25:37 AM"
73.162.39.233,Web,"Jun 15, 2021, 6:11:18 AM"
73.162.39.233,Web,"Jun 15, 2021, 6:20:23 PM"
73.162.39.233,Web,"Jun 16, 2021, 8:09:36 AM"
73.162.39.233,Web,"Jun 20, 2021, 5:10:01 AM"
73.162.39.233,Web,"Jun 25, 2021, 5:02:48 PM"
73.162.39.233,Web,"Jun 26, 2021, 6:31:17 PM"
73.162.39.233,Web,"Jun 26, 2021, 6:52:00 PM"
73.162.39.233,Web,"Jul 5, 2021, 9:45:42 PM"
73.162.39.233,Web,"Jul 6, 2021, 2:06:58 AM"
73.162.39.233,Web,"Jul 7, 2021, 5:08:01 AM"
73.162.39.233,Web,"Jul 8, 2021, 10:15:39 PM"
73.162.39.233,Web,"Jul 9, 2021, 5:14:35 AM"
73.162.39.233,Web,"Jul 10, 2021, 12:54:01 AM"
73.162.39.233,Web,"Jul 10, 2021, 6:06:10 AM"
73.162.39.233,Web,"Jul 11, 2021, 6:10:35 AM"
73.162.39.233,Web,"Jul 11, 2021, 6:12:14 AM"
73.162.39.233,Web,"Jul 12, 2021, 1:23:02 AM"
73.162.39.233,Web,"Jul 12, 2021, 1:24:03 AM"
73.162.39.233,Web,"Jul 14, 2021, 2:10:59 AM"
73.162.39.233,Web,"Jul 14, 2021, 9:40:49 PM"
73.162.39.233,Web,"Jul 15, 2021, 2:25:23 PM"
73.162.39.233,Web,"Jul 15, 2021, 3:50:56 PM"
73.162.39.233,Web,"Jul 16, 2021, 7:39:37 AM"
73.162.39.233,Web,"Jul 30, 2021, 6:04:57 AM"
71.198.253.234,Web,"Aug 7, 2021, 6:34:45 AM"
71.198.253.234,Web,"Aug 8, 2021, 3:42:39 PM"
71.198.253.234,Web,"Aug 9, 2021, 8:46:45 PM"
71.198.253.234,Web,"Aug 14, 2021, 11:40:33 PM"
71.198.253.234,Web,"Aug 15, 2021, 7:14:32 PM"
71.198.253.234,Web,"Aug 22, 2021, 5:07:26 PM"
71.198.253.234,Web,"Aug 23, 2021, 4:59:00 AM"
71.198.253.234,Mobile,"Aug 26, 2021, 1:09:30 AM"
173.251.110.231,Web,"Aug 29, 2021, 3:16:07 AM"
173.251.110.231,Web,"Aug 30, 2021, 4:09:06 AM"
173.251.110.232,Web,"Aug 30, 2021, 3:13:33 PM"
174.204.139.238,Web,"Aug 31, 2021, 4:00:25 AM"
172.58.187.40,Web,"Aug 31, 2021, 4:03:27 AM"
71.198.253.234,Web,"Sep 5, 2021, 4:31:51 PM"
71.198.253.234,Web,"Sep 13, 2021, 6:49:51 PM"
71.198.253.234,Web,"Sep 17, 2021, 7:56:26 AM"
71.198.253.234,Web,"Sep 19, 2021, 6:06:39 AM"
71.198.253.234,Web,"Sep 21, 2021, 5:18:28 PM"
71.198.253.234,Web,"Sep 26, 2021, 1:21:22 AM"
71.198.85.15,Web,"Oct 2, 2021, 5:18:41 AM"
71.198.85.15,Web,"Oct 2, 2021, 6:18:48 AM"
71.198.85.15,Web,"Oct 2, 2021, 5:49:43 PM"
104.28.124.186,Web,"Oct 2, 2021, 10:04:07 PM"
71.198.85.15,Web,"Oct 3, 2021, 1:27:32 AM"
71.198.85.15,Web,"Oct 3, 2021, 8:27:45 PM"
71.198.85.15,Web,"Oct 4, 2021, 4:58:08 PM"
71.198.85.15,Web,"Oct 5, 2021, 5:33:00 PM"
172.254.155.163,Web,"Oct 10, 2021, 3:26:15 AM"
71.198.85.15,Web,"Nov 19, 2021, 6:50:25 AM"
71.198.85.15,Web,"Nov 22, 2021, 12:19:39 AM"
71.198.85.15,Web,"Feb 28, 2022, 12:02:45 AM"
71.198.85.15,Web,"Feb 28, 2022, 4:46:14 AM"
71.198.85.15,Web,"Feb 28, 2022, 7:45:13 PM"
71.198.85.15,Web,"Feb 28, 2022, 10:14:36 PM"
71.198.85.15,Web,"Mar 3, 2022, 6:48:50 AM"
71.198.85.15,Web,"Mar 4, 2022, 3:55:47 PM"
71.198.85.15,Web,"Mar 6, 2022, 6:47:23 AM"
71.198.85.15,Web,"Mar 8, 2022, 10:44:24 PM"
71.198.85.15,Web,"Mar 9, 2022, 1:28:04 AM"
71.198.85.15,Web,"Mar 9, 2022, 3:07:29 AM"
71.198.85.15,Web,"Mar 10, 2022, 6:07:56 PM"
2601:642:4103:70a0:242c:e90f:b74d:f80a,Web,"Mar 11, 2022, 7:05:26 PM"
2601:642:4103:70a0:b4a6:5365:a5d3:4e46,Web,"Mar 14, 2022, 7:48:45 AM"
2601:642:4103:70a0:c95b:93f7:1d12:116d,Web,"Mar 16, 2022, 2:31:34 AM"
2601:642:4103:70a0:19f6:37dc:8d87:b600,Web,"Mar 20, 2022, 1:51:03 AM"
2a02:26f7:c348:8013:0:b073:ac5e:a93,Web,"Mar 20, 2022, 4:35:30 PM"
71.198.85.15,Web,"Mar 20, 2022, 9:53:56 PM"
2601:642:4103:70a0:d5c9:9abb:e597:39df,Web,"Mar 21, 2022, 5:54:14 AM"
71.198.85.15,Web,"Mar 24, 2022, 2:15:04 PM"
2601:642:4103:70a0:91f5:bdca:11e3:4d57,Web,"Mar 25, 2022, 5:45:56 AM"
2601:642:4103:70a0:91f5:bdca:11e3:4d57,Web,"Mar 27, 2022, 11:10:59 PM"
2601:642:4103:70a0:91f5:bdca:11e3:4d57,Web,"Mar 28, 2022, 12:43:27 AM"
