,distance,moving_time,elapsed_time,total_elevation_gain,type,id,achievement_count,kudos_count,comment_count,photo_count,trainer,average_speed,max_speed,average_cadence,average_temp,average_watts,max_watts,weighted_average_watts,kilojoules,average_heartrate,max_heartrate,elev_high,pr_count,total_photo_count,suffer_score,year,month,day,weekday,hour
0,18.3,1.1,1.2,128.0,Ride,6947233958,6,5,0,0,False,7.251,10.116,74.0,33.0,126.1,466.0,130.0,513.6,153.8,167.0,48.6,3,0,126.0,2022,April,7,Thursday,15
1,0.0,0.6,0.6,0.0,Workout,6942582364,0,5,0,0,True,0.0,0.0,,,,,,,148.5,164.0,,0,0,59.0,2022,April,6,Wednesday,18
2,19.3,1.2,1.3,265.7,Ride,6937664224,14,15,0,0,False,7.079,10.754,72.8,20.0,143.8,1428.0,152.0,629.5,151.8,178.0,49.2,8,0,128.0,2022,April,5,Tuesday,15
3,0.0,0.5,0.5,0.0,Workout,6932749848,0,3,0,0,True,0.0,0.0,,,,,,,144.0,164.0,,0,0,34.0,2022,April,4,Monday,19
4,5.0,0.4,0.8,24.9,Ride,6933025280,0,5,0,0,False,5.239,8.42,,,71.2,,,109.3,124.7,145.0,23.6,0,0,10.0,2022,April,4,Monday,18
5,10.2,1.0,1.1,32.2,Ride,6928412920,3,13,1,0,False,4.482,7.596,,,51.8,,,190.4,110.7,129.0,21.7,0,4,12.0,2022,April,3,Sunday,17
6,33.2,2.7,2.8,2260.5,Ride,6922321736,120,20,0,0,False,5.581,13.982,67.3,22.0,124.1,411.0,142.0,1189.0,153.3,187.0,1662.1,16,3,309.0,2022,April,2,Saturday,12
7,0.0,0.5,0.5,0.0,Workout,6917804476,0,3,0,0,True,0.0,0.0,,,,,,,153.2,171.0,,0,0,57.0,2022,April,1,Friday,20
8,14.2,0.9,0.9,160.8,Ride,6913547260,9,9,0,0,False,7.363,11.334,76.2,15.0,136.8,429.0,145.0,424.6,144.6,171.0,-201.4,4,0,67.0,2022,March,31,Thursday,15
9,0.0,1.0,1.0,0.0,WeightTraining,6909605155,0,3,0,0,True,0.0,0.0,,,,,,,123.3,156.0,,0,0,19.0,2022,March,30,Wednesday,17
10,7.3,0.6,0.7,15.4,Ride,6904318309,2,5,0,0,False,5.594,9.852,,,86.8,,,182.1,131.5,148.0,21.7,1,1,21.0,2022,March,29,Tuesday,16
11,0.0,1.2,1.2,0.0,WeightTraining,6898918809,0,5,0,0,True,0.0,0.0,,,,,,,122.4,152.0,,0,0,23.0,2022,March,28,Monday,18
12,25.1,1.7,1.9,1049.9,Ride,6893936573,11,14,0,0,False,6.524,13.456,73.3,16.0,130.9,1044.0,149.0,811.5,148.8,181.0,633.9,5,0,160.0,2022,March,27,Sunday,13
13,12.1,0.7,0.8,144.4,Ride,6888126531,12,12,0,0,False,7.352,12.448,79.8,21.0,143.4,905.0,148.0,378.4,149.7,177.0,66.9,0,0,70.0,2022,March,26,Saturday,15
14,0.0,0.3,0.3,0.0,Workout,6883067397,0,5,0,0,True,0.0,0.0,,,,,,,99.2,120.0,,0,0,3.0,2022,March,25,Friday,20
15,0.0,0.5,0.5,0.0,Workout,6878410847,0,4,0,0,True,0.0,0.0,,,,,,,150.9,170.0,,0,0,49.0,2022,March,24,Thursday,23
16,0.0,0.3,0.3,0.0,Workout,6873134182,0,2,0,0,True,0.0,0.0,,,,,,,102.7,126.0,,0,0,3.0,2022,March,23,Wednesday,22
17,0.0,0.6,0.6,0.0,Workout,6873134137,0,2,0,0,True,0.0,0.0,,,,,,,91.1,129.0,,0,0,5.0,2022,March,23,Wednesday,17
18,20.5,1.3,1.4,259.2,Ride,6867189555,27,18,0,0,False,7.096,12.254,76.2,28.0,138.1,851.0,145.0,643.6,156.8,180.0,51.2,8,0,165.0,2022,March,22,Tuesday,15
19,0.0,0.3,0.3,0.0,Workout,6862178926,0,4,0,0,True,0.0,0.0,,,,,,,100.6,116.0,,0,0,3.0,2022,March,21,Monday,20
20,7.1,0.6,0.9,50.5,Ride,6862178996,1,12,0,0,False,5.274,8.17,,,70.9,,,153.5,114.6,131.0,33.5,0,0,7.0,2022,March,21,Monday,18
21,23.5,1.8,2.0,1387.8,Ride,6856464202,31,15,0,0,False,5.986,15.022,74.9,18.0,133.3,629.0,151.0,843.1,152.9,185.0,1091.9,2,0,197.0,2022,March,20,Sunday,12
22,0.0,0.5,0.5,0.0,Workout,6850595525,0,7,0,0,True,0.0,0.0,,,,,,,150.7,171.0,,0,0,54.0,2022,March,19,Saturday,17
23,4.9,0.4,0.7,21.3,Ride,6851069293,0,6,0,0,False,4.965,11.719,,,64.9,,,103.6,118.2,134.0,21.3,0,0,6.0,2022,March,19,Saturday,17
24,0.0,0.2,0.2,0.0,Workout,6845987500,0,2,0,0,True,0.0,0.0,,,,,,,104.8,122.0,,0,0,1.0,2022,March,19,Saturday,0
25,20.1,1.3,1.4,219.8,Ride,6845315799,17,13,0,0,False,6.686,9.526,75.6,20.0,116.2,431.0,122.0,561.5,139.2,161.0,63.6,7,0,75.0,2022,March,18,Friday,15
26,5.2,0.4,0.5,32.8,Ride,6840843787,2,9,0,0,False,5.674,8.388,,,80.8,,,120.3,131.6,147.0,21.7,1,0,15.0,2022,March,17,Thursday,16
27,0.0,0.2,0.2,0.0,Workout,6836489651,0,3,0,0,True,0.0,0.0,,,,,,,104.6,127.0,,0,0,1.0,2022,March,17,Thursday,1
28,0.0,0.9,0.9,0.0,WeightTraining,6835507083,0,1,0,0,True,0.0,0.0,,,,,,,130.8,156.0,,0,0,26.0,2022,March,16,Wednesday,17
29,3.8,0.6,1.5,15.1,Ride,6836113253,0,9,0,0,False,2.831,4.89,,,27.8,,,60.0,96.5,114.0,14.8,0,0,5.0,2022,March,16,Wednesday,17
30,0.0,0.2,0.2,0.0,Workout,6831351292,0,2,0,0,True,0.0,0.0,,,,,,,109.8,127.0,,0,0,2.0,2022,March,16,Wednesday,1
31,10.7,0.7,0.7,59.1,Ride,6830401516,9,8,0,0,False,7.14,11.416,76.3,16.0,139.0,593.0,139.0,336.9,158.1,176.0,-112.2,3,0,92.0,2022,March,15,Tuesday,15
32,0.0,1.0,1.0,0.0,WeightTraining,6825516535,0,6,0,0,True,0.0,0.0,,,,,,,126.7,158.0,,0,0,25.0,2022,March,14,Monday,19
33,15.7,1.4,1.7,1364.8,Ride,6819709705,1,14,0,0,False,5.0,15.146,74.9,16.0,116.7,508.0,142.0,588.6,,,823.5,0,2,91.0,2022,March,13,Sunday,10
34,0.0,0.2,0.2,0.0,Workout,6825538791,0,1,0,0,True,0.0,0.0,,,,,,,106.9,125.0,,0,0,2.0,2022,March,12,Saturday,19
35,16.2,1.1,1.1,183.7,Ride,6809497980,4,8,0,0,False,6.863,9.792,76.7,23.0,139.7,457.0,141.0,529.9,160.1,173.0,54.5,1,0,152.0,2022,March,11,Friday,14
36,0.0,0.5,0.5,0.0,WeightTraining,6808511594,0,2,0,0,True,0.0,0.0,,,,,,,121.7,150.0,,0,0,10.0,2022,March,11,Friday,13
37,0.0,0.2,0.2,0.0,Workout,6808512018,0,2,0,0,True,0.0,0.0,,,,,,,107.4,129.0,,0,0,2.0,2022,March,10,Thursday,22
38,0.0,0.9,0.9,0.0,WeightTraining,6800265768,0,6,0,0,True,0.0,0.0,,,,,,,120.9,150.0,,0,0,13.0,2022,March,9,Wednesday,19
39,0.0,0.7,0.7,0.0,Workout,6794470142,0,2,0,0,True,0.0,0.0,,,,,,,152.7,173.0,,0,0,68.0,2022,March,8,Tuesday,16
40,0.0,0.9,0.9,0.0,WeightTraining,6789629750,0,3,0,0,True,0.0,0.0,,,,,,,127.8,156.0,,0,0,25.0,2022,March,7,Monday,18
41,10.9,0.9,0.9,26.2,Ride,6785222440,2,10,0,0,False,5.591,8.794,,,73.3,,,230.6,134.7,152.0,24.6,0,0,40.0,2022,March,6,Sunday,16
42,20.3,1.7,1.9,1463.3,Ride,6779193312,28,13,0,0,False,5.315,16.592,69.0,13.0,122.8,604.0,142.0,756.1,156.3,194.0,1085.3,2,2,220.0,2022,March,5,Saturday,14
43,0.0,0.4,0.4,0.0,Workout,6773690279,0,4,0,0,True,0.0,0.0,,,,,,,155.7,173.0,,0,0,48.0,2022,March,4,Friday,18
44,0.0,0.7,0.7,0.0,WeightTraining,6769267487,0,3,0,0,True,0.0,0.0,,,,,,,128.2,156.0,,0,0,20.0,2022,March,3,Thursday,18
45,0.0,0.3,0.3,0.0,Workout,6763996727,0,2,0,0,True,0.0,0.0,,,,,,,153.5,171.0,,0,0,31.0,2022,March,2,Wednesday,17
46,5.8,0.5,1.2,31.5,Ride,6764663617,0,7,0,0,False,5.576,8.674,,,71.6,,,119.7,132.3,155.0,21.3,0,0,18.0,2022,March,2,Wednesday,17
47,16.0,1.0,1.0,232.9,Ride,6759249263,9,9,0,0,False,7.085,10.242,74.7,16.0,135.6,407.0,143.0,493.2,,,14.4,4,0,65.0,2022,March,1,Tuesday,15
48,0.0,0.7,0.7,0.0,WeightTraining,6753677304,0,5,0,0,True,0.0,0.0,,,,,,,126.6,159.0,,0,0,17.0,2022,February,28,Monday,16
49,17.4,1.2,1.4,141.1,Ride,6749153051,10,22,1,0,False,6.445,9.478,65.7,18.0,121.3,432.0,129.0,527.4,,,-36.7,2,0,48.0,2022,February,27,Sunday,14
50,5.1,0.4,1.0,38.7,Ride,6290766198,2,11,0,0,False,5.688,9.44,,,82.0,,,119.0,134.3,160.0,24.3,0,0,18.0,2021,November,21,Sunday,16
51,10.3,0.7,0.7,65.3,Ride,6285703202,3,12,0,0,False,6.434,10.072,,,95.0,,,244.2,145.9,172.0,33.8,0,0,59.0,2021,November,20,Saturday,16
52,5.9,1.9,5.3,67.6,Walk,6107525785,0,16,0,0,False,1.406,7.8,,,,,,,88.8,110.0,445.9,0,0,14.0,2021,October,13,Wednesday,12
53,7.2,2.7,4.4,81.0,Walk,6102379371,0,16,1,0,False,1.215,5.9,,,,,,,81.9,98.0,439.0,0,0,17.0,2021,October,12,Tuesday,12
54,31.4,1.9,3.3,1610.9,Ride,6087561212,55,24,0,0,False,7.297,17.5,71.7,16.0,135.5,803.0,160.0,937.9,,,534.1,28,0,124.0,2021,October,9,Saturday,7
55,6.1,0.5,1.4,35.8,Ride,6069577378,2,10,0,0,False,5.512,7.6,,,70.3,,,124.2,106.8,131.0,21.7,0,0,5.0,2021,October,5,Tuesday,14
56,12.4,0.7,0.8,118.1,Ride,6065107117,12,16,0,0,False,7.664,10.9,77.5,20.0,157.5,547.0,166.0,411.2,,,70.2,7,2,29.0,2021,October,4,Monday,18
57,21.7,1.5,1.7,1315.0,Ride,6059698536,19,21,0,0,False,6.531,15.8,71.7,27.0,153.1,848.0,173.0,820.3,,,1085.6,7,0,141.0,2021,October,3,Sunday,11
58,56.3,4.7,6.6,5082.3,Ride,6049709185,65,24,1,0,False,5.381,16.2,60.7,29.0,115.3,532.0,144.0,1940.4,,,1663.4,14,0,537.0,2021,October,1,Friday,11
59,21.2,1.9,2.2,2005.2,Ride,6045392666,21,20,0,0,False,4.903,17.0,,,118.0,,,820.4,,,816.6,3,3,57.0,2021,September,30,Thursday,15
60,36.0,2.3,2.5,925.2,Ride,6025286260,18,30,0,0,False,7.106,13.8,73.1,18.0,153.0,847.0,165.0,1248.9,148.3,183.0,402.2,11,0,207.0,2021,September,26,Sunday,13
61,3.1,0.5,0.7,0.0,Ride,6019815349,0,11,0,0,False,2.574,10.2,,,31.3,,,60.1,82.2,111.0,11.8,0,0,3.0,2021,September,25,Saturday,18
62,14.7,1.2,2.5,72.8,Ride,5993588632,7,15,0,0,False,5.32,9.2,,,71.2,,,317.2,109.6,142.0,31.2,1,0,18.0,2021,September,20,Monday,16
63,6.1,0.5,0.5,50.5,Ride,5988482656,4,20,2,0,False,5.963,9.8,,,87.8,,,144.8,116.0,140.0,34.1,0,0,7.0,2021,September,19,Sunday,16
64,43.9,2.9,3.1,1906.2,Ride,5982317140,22,33,0,0,False,6.842,14.3,76.9,16.0,154.9,840.0,175.0,1598.6,147.5,182.0,1032.8,10,2,256.0,2021,September,18,Saturday,12
65,2.5,0.2,0.2,242.8,Ride,5972874627,1,10,0,0,False,4.937,9.2,67.5,11.0,120.3,544.0,169.0,99.2,,,315.0,0,0,3.0,2021,September,16,Thursday,21
66,11.3,1.1,1.7,1326.1,Ride,5972703728,9,21,1,0,False,4.42,15.1,66.5,10.0,125.5,640.0,156.0,518.4,,,807.4,3,0,74.0,2021,September,16,Thursday,17
67,42.3,2.9,3.3,2447.5,Ride,5950859971,12,31,0,0,False,6.474,14.5,71.1,23.0,143.6,678.0,167.0,1511.0,,,1581.4,8,9,336.0,2021,September,12,Sunday,10
68,1.5,0.8,1.5,338.6,Hike,5945746853,0,21,0,0,False,0.782,1.9,,,,,,,97.6,137.0,1738.8,0,6,7.0,2021,September,11,Saturday,16
69,2.4,0.2,0.2,219.8,Ride,5935461713,0,8,0,0,False,4.879,8.8,66.7,16.0,117.8,682.0,162.0,92.6,,,308.4,0,0,,2021,September,9,Thursday,21
70,13.7,1.3,1.7,1302.2,Ride,5935461354,16,16,0,0,False,4.552,15.7,66.2,12.0,120.2,835.0,154.0,582.2,,,326.8,6,0,53.0,2021,September,9,Thursday,18
71,3.2,0.3,0.3,36.1,Ride,5906706853,0,8,0,0,False,4.903,9.4,,14.0,0.0,62.0,1.0,0.0,,,196.9,0,0,,2021,September,4,Saturday,15
72,24.9,2.5,4.1,2496.7,Ride,5906721970,44,23,1,0,False,4.538,14.3,62.0,19.0,114.6,795.0,153.0,1013.5,,,1028.2,12,10,159.0,2021,September,4,Saturday,11
73,6.4,0.6,0.7,178.8,Ride,5879092339,10,11,0,0,False,4.492,13.4,,,88.9,,,203.3,119.0,155.0,145.0,1,0,11.0,2021,August,30,Monday,16
74,3.3,0.5,0.9,48.2,Ride,5878879457,1,8,0,0,False,2.794,9.3,,,67.6,,,127.7,110.4,134.0,50.9,1,0,6.0,2021,August,30,Monday,15
75,107.9,7.5,10.8,7287.4,Ride,5874849951,147,29,2,0,False,6.472,17.0,64.8,19.0,129.0,602.0,152.0,3459.8,,,1290.7,57,4,1154.0,2021,August,29,Sunday,9
76,2.5,0.2,0.2,66.6,Ride,5871301518,1,7,0,0,False,5.125,8.9,,,83.7,,,65.1,121.6,146.0,87.6,1,0,4.0,2021,August,29,Sunday,6
77,26.7,1.8,2.1,685.7,Ride,5868710873,108,23,1,0,False,6.454,12.1,66.8,20.0,139.3,1036.0,158.0,925.5,,,789.4,79,1,55.0,2021,August,28,Saturday,14
78,26.7,1.8,1.9,1781.5,Ride,5836598444,35,25,1,0,False,6.659,17.4,72.6,17.0,158.4,652.0,179.0,1020.9,143.2,175.0,1124.0,24,0,133.0,2021,August,22,Sunday,10
79,50.1,3.3,4.2,1866.8,Ride,5830885087,45,26,0,0,False,6.715,17.9,64.7,17.0,124.9,588.0,152.0,1498.2,129.4,177.0,872.7,16,1,126.0,2021,August,21,Saturday,8
80,4.4,0.6,1.4,21.0,Ride,5826307326,3,12,0,0,False,3.255,6.8,,,37.1,,,80.2,82.8,112.0,20.7,0,2,3.0,2021,August,20,Friday,18
81,20.9,1.6,2.2,1843.8,Ride,5821568729,37,24,0,0,False,5.741,15.8,66.0,12.0,143.0,598.0,165.0,836.9,,,780.8,19,11,154.0,2021,August,19,Thursday,17
82,17.4,1.4,1.9,160.8,Ride,5815999811,6,15,0,0,False,5.624,11.8,56.2,16.0,90.8,626.0,140.0,452.3,,,59.7,0,0,41.0,2021,August,18,Wednesday,17
83,32.9,2.3,2.6,2602.7,Ride,5799401762,19,27,1,0,False,6.325,17.4,72.1,27.0,141.6,691.0,166.0,1184.4,116.7,131.0,1452.1,9,3,267.0,2021,August,15,Sunday,12
84,23.2,1.4,1.5,262.5,Ride,5793633920,12,16,0,0,False,7.353,14.2,72.9,24.0,151.8,664.0,169.0,771.5,144.1,173.0,65.0,12,3,108.0,2021,August,14,Saturday,14
85,9.0,0.6,1.4,53.5,Ride,5788325936,3,12,4,0,False,6.278,9.6,,,98.7,,,227.9,119.8,148.0,31.2,3,0,13.0,2021,August,13,Friday,15
86,23.5,1.9,2.5,1735.6,Ride,5784047805,33,18,0,0,False,5.559,14.8,67.8,16.0,127.5,545.0,165.0,868.6,,,688.3,8,3,123.0,2021,August,12,Thursday,17
87,43.6,2.9,3.2,2433.1,Ride,5761142226,1,22,0,0,False,6.636,19.1,70.0,24.0,140.4,617.0,157.0,1483.8,,,1093.8,1,2,337.0,2021,August,8,Sunday,11
88,6.0,0.5,0.6,31.5,Ride,5756234720,0,16,0,0,False,5.378,9.7,,,71.1,,,127.3,116.2,143.0,30.8,0,1,7.0,2021,August,7,Saturday,19
89,20.4,1.5,1.8,1857.0,Ride,5750771905,77,18,0,0,False,5.994,17.6,64.9,20.0,139.2,476.0,174.0,760.9,,,874.0,25,1,98.0,2021,August,6,Friday,15
90,40.2,2.9,3.1,2959.3,Ride,5644022880,90,23,0,0,False,6.148,15.1,68.4,21.0,146.0,568.0,172.0,1535.8,146.3,176.0,825.5,25,3,246.0,2021,July,17,Saturday,12
91,23.1,1.8,2.3,2201.4,Ride,5638863571,114,22,0,0,False,5.853,16.5,65.5,13.0,155.8,527.0,175.0,991.0,137.5,171.0,832.0,37,1,167.0,2021,July,16,Friday,14
92,1.2,0.2,0.2,229.7,Ride,5634774746,3,5,0,0,False,3.583,7.8,67.2,14.0,146.7,582.0,161.0,82.3,146.7,170.0,297.9,1,0,13.0,2021,July,15,Thursday,21
93,27.7,2.3,3.2,2562.3,Ride,5634774771,37,21,0,0,False,5.331,18.1,69.9,12.0,137.6,815.0,163.0,1150.3,146.5,181.0,949.1,8,7,204.0,2021,July,15,Thursday,17
94,40.5,3.4,4.4,3616.5,Ride,5612615386,68,22,0,0,False,5.299,16.1,67.1,14.0,135.7,735.0,159.0,1668.2,141.0,179.0,1503.3,20,10,238.0,2021,July,11,Sunday,7
95,1.4,0.5,0.5,275.9,Walk,5607577050,0,13,0,0,False,1.244,3.1,,,,,,,107.2,149.0,299.2,0,0,6.0,2021,July,10,Saturday,16
96,24.1,1.9,2.6,2227.7,Ride,5602123641,44,22,1,0,False,5.761,17.8,61.2,21.0,138.1,759.0,163.0,929.4,148.0,178.0,865.5,27,4,175.0,2021,July,9,Friday,14
97,1.2,0.1,0.2,150.9,Ride,5597967369,3,6,0,0,False,3.691,7.4,67.2,16.0,135.5,358.0,145.0,68.2,145.6,174.0,312.3,1,0,11.0,2021,July,8,Thursday,21
98,20.8,1.5,2.3,2014.8,Ride,5597967578,44,17,0,0,False,6.031,18.5,71.6,15.0,125.3,696.0,158.0,694.0,147.5,185.0,1093.2,15,7,139.0,2021,July,8,Thursday,17
99,20.2,2.0,2.3,1538.7,Ride,5587445458,30,17,0,0,False,4.629,14.0,58.8,13.0,128.7,953.0,158.0,905.5,134.9,135.0,295.9,12,1,185.0,2021,July,6,Tuesday,17
100,28.8,2.8,3.8,3238.5,Ride,5580655040,26,23,2,0,False,4.626,16.0,63.6,16.0,133.4,655.0,158.0,1334.0,151.7,183.0,899.9,8,3,298.0,2021,July,5,Monday,8
101,1.5,0.2,0.2,276.2,Ride,5525159920,2,8,1,0,False,3.435,9.8,,,122.4,,,85.0,132.0,170.0,299.2,1,0,10.0,2021,June,24,Thursday,21
102,5.3,0.5,0.5,210.0,Ride,5524998429,11,18,0,0,False,4.698,14.3,,,78.9,,,142.1,121.5,157.0,340.6,3,0,12.0,2021,June,24,Thursday,19
103,66.5,5.8,8.4,6976.1,Ride,5459759956,90,35,2,0,False,5.106,15.9,71.9,25.0,97.6,858.0,146.0,2047.4,146.2,178.0,2234.6,36,19,501.0,2021,June,12,Saturday,8
104,33.1,2.4,2.8,2303.1,Ride,5449756232,72,26,0,0,False,6.102,15.2,72.7,15.0,129.0,576.0,161.0,1125.6,146.4,184.0,473.8,34,1,215.0,2021,June,10,Thursday,17
105,23.7,1.8,2.0,1815.0,Ride,5419976137,95,29,0,0,False,5.908,15.7,65.1,20.0,135.0,837.0,171.0,871.4,138.3,181.0,815.3,43,1,109.0,2021,June,5,Saturday,12
106,23.8,1.7,2.7,1624.0,Ride,5412542657,21,19,1,0,False,6.145,11.7,64.9,9.0,135.3,608.0,162.0,843.1,,,849.7,17,0,112.0,2021,June,4,Friday,5
107,1.3,0.2,0.2,275.6,Ride,5410081758,0,9,1,0,False,3.384,7.2,60.6,15.0,158.1,377.0,186.0,96.7,,,322.8,0,0,,2021,June,3,Thursday,21
108,24.2,1.9,2.3,1857.0,Ride,5410063890,32,18,0,0,False,5.755,17.8,70.8,14.0,141.4,716.0,173.0,955.6,132.2,177.0,658.8,15,1,178.0,2021,June,3,Thursday,17
109,15.6,1.1,1.2,1087.9,Ride,5385897824,80,18,2,0,False,6.333,15.6,67.9,21.0,146.3,692.0,175.0,580.9,,,371.1,33,0,104.0,2021,May,30,Sunday,12
110,43.3,3.5,4.7,3894.7,Ride,5379455947,75,34,1,0,False,5.606,17.1,69.8,19.0,134.0,931.0,154.0,1666.2,124.6,153.0,1782.2,26,10,386.0,2021,May,29,Saturday,8
111,17.2,1.6,2.1,1597.8,Ride,5369987209,8,21,0,0,False,4.834,15.0,66.2,11.0,124.6,731.0,157.0,711.8,151.0,186.0,367.5,1,2,165.0,2021,May,27,Thursday,17
112,46.0,3.8,4.2,3952.8,Ride,5341431982,24,25,3,0,False,5.397,15.9,72.6,20.0,133.1,961.0,153.0,1825.6,151.0,177.0,2490.2,7,20,401.0,2021,May,22,Saturday,11
113,21.0,1.6,2.3,1535.4,Ride,5332065670,39,11,0,0,False,5.811,15.2,67.9,15.0,124.7,611.0,171.0,724.3,,,648.3,16,0,104.0,2021,May,20,Thursday,17
114,8.6,0.8,0.9,570.9,Ride,5315178969,13,12,0,0,False,4.985,10.0,61.9,10.0,130.4,465.0,163.0,362.5,,,324.8,2,0,30.0,2021,May,17,Monday,17
115,0.9,0.2,0.7,85.0,Walk,5310466597,0,0,0,0,False,1.8,14.9,,,,,,,108.5,140.0,293.6,0,0,2.0,2021,May,16,Sunday,19
116,24.3,1.7,2.0,1929.1,Ride,5303884401,103,18,1,0,False,6.37,14.5,67.0,11.0,160.4,728.0,185.0,983.8,143.2,145.0,871.4,78,2,142.0,2021,May,15,Saturday,15
117,23.8,1.9,3.0,2007.9,Ride,5293412013,25,18,2,0,False,5.663,19.1,67.0,7.0,137.9,655.0,167.0,932.7,,,539.4,16,10,173.0,2021,May,13,Thursday,17
118,19.1,1.0,1.0,797.2,Ride,5274095933,3,12,0,0,False,8.539,13.1,86.9,12.0,179.0,484.0,190.0,645.1,,,582.7,3,0,155.0,2021,May,10,Monday,12
119,7.2,1.6,1.6,1007.5,Ride,5257681911,2,19,0,0,False,1.962,9.7,,,63.3,,,373.9,156.4,174.0,1718.2,1,0,199.0,2021,May,7,Friday,11
120,40.1,2.8,3.2,2234.3,Ride,5253748129,0,17,0,0,False,6.408,17.9,61.2,11.0,107.0,606.0,135.0,1078.6,,,1189.0,0,4,266.0,2021,May,6,Thursday,14
121,0.0,0.3,0.3,0.0,Yoga,5238373277,0,7,0,0,True,0.0,0.0,,,,,,,102.3,122.0,,0,0,3.0,2021,May,3,Monday,20
122,76.6,4.8,7.1,2659.1,Ride,5232720000,6,25,0,0,False,7.162,16.3,73.8,28.0,123.1,911.0,148.0,2119.8,149.0,184.0,366.5,3,6,447.0,2021,May,2,Sunday,10
123,17.1,1.2,1.3,669.3,Ride,5226435034,11,20,0,0,False,6.337,12.9,65.9,18.0,107.4,629.0,140.0,465.3,128.4,176.0,160.8,8,0,38.0,2021,May,1,Saturday,16
124,18.7,1.4,1.5,1460.0,Ride,5205024674,83,17,0,0,False,5.991,15.1,66.7,13.0,141.1,519.0,164.0,709.3,152.8,180.0,872.7,32,0,159.0,2021,April,27,Tuesday,16
125,40.2,3.1,3.5,3362.9,Ride,5186586649,160,25,0,0,False,5.858,15.4,64.7,15.0,128.0,547.0,166.0,1412.3,145.6,182.0,832.0,87,1,255.0,2021,April,24,Saturday,12
126,31.7,2.4,3.0,1991.5,Ride,5175667960,61,19,0,0,False,5.932,15.9,70.7,9.0,124.3,778.0,156.0,1069.5,139.3,176.0,396.3,19,4,146.0,2021,April,22,Thursday,17
127,20.0,1.5,1.6,899.0,Ride,5157774847,93,15,0,0,False,6.067,11.5,70.3,15.0,124.0,1090.0,143.0,658.4,134.2,162.0,332.0,49,3,70.0,2021,April,19,Monday,16
128,32.2,2.5,2.8,2707.7,Ride,5151737252,127,21,0,0,False,5.646,17.5,68.1,29.0,115.4,548.0,144.0,1058.3,148.5,180.0,2557.1,50,0,231.0,2021,April,18,Sunday,10
129,24.9,1.9,2.1,2099.1,Ride,5145316466,157,18,0,0,False,5.942,15.7,72.4,,141.4,604.0,177.0,954.1,153.3,184.0,815.3,51,2,216.0,2021,April,17,Saturday,14
130,0.8,0.3,0.3,85.0,Walk,5099517266,0,0,0,0,False,1.337,2.9,,,,,,,99.7,141.0,292.7,0,0,2.0,2021,April,9,Friday,21
131,0.0,0.3,0.3,0.0,Ride,5094364094,0,0,0,0,True,0.0,0.0,,,,,,,102.2,108.0,,0,0,2.0,2021,April,9,Friday,1
132,0.1,0.3,0.3,0.0,Ride,5097279943,0,0,0,0,True,0.168,0.0,,,,,,,,,,0,0,,2021,April,8,Thursday,21
133,0.7,0.2,0.3,99.1,Walk,5094279793,0,0,0,0,False,1.386,3.0,,,,,,,95.6,116.0,298.9,0,0,2.0,2021,April,8,Thursday,21
134,6.8,0.3,0.3,150.9,VirtualRide,5088346040,2,13,1,0,False,8.992,13.5,68.0,,166.8,1040.0,181.0,201.8,134.9,162.0,95.1,0,1,15.0,2021,April,7,Wednesday,22
135,0.7,0.2,0.3,51.2,Walk,5094279790,0,0,0,0,False,1.349,3.5,,,,,,,91.7,111.0,274.3,0,0,1.0,2021,April,5,Monday,21
136,45.5,3.4,3.8,4192.9,Ride,5064480954,156,25,1,0,False,6.03,17.5,75.9,16.0,145.8,659.0,171.0,1772.3,151.7,178.0,1576.8,86,10,369.0,2021,April,3,Saturday,12
137,0.0,1.1,1.1,0.0,Workout,5052819429,0,8,0,0,True,0.0,0.0,,,,,,,101.2,157.0,,0,0,13.0,2021,April,1,Thursday,20
138,18.3,1.4,1.8,1154.9,Ride,5047202393,41,15,2,0,False,5.679,14.9,64.1,21.0,113.0,403.0,130.0,586.2,122.6,153.0,326.8,2,7,37.0,2021,March,31,Wednesday,16
139,18.4,1.3,1.5,1338.6,Ride,5041011107,72,21,0,0,False,6.275,14.6,72.1,18.0,144.6,730.0,173.0,683.4,140.4,175.0,882.5,53,0,90.0,2021,March,30,Tuesday,16
140,31.0,1.9,2.2,718.5,Ride,5028321534,3,23,0,0,False,7.339,11.9,71.1,22.0,129.0,559.0,147.0,877.2,144.5,177.0,190.3,1,0,144.0,2021,March,28,Sunday,11
141,26.7,2.6,3.3,3008.5,Ride,5022047824,44,24,2,0,False,4.531,16.5,,23.0,162.5,,,1538.3,154.3,184.0,1068.9,7,15,317.0,2021,March,27,Saturday,11
142,18.3,1.4,1.5,1610.9,Ride,5016047654,126,19,2,0,False,5.924,15.8,67.2,16.0,143.4,568.0,174.0,711.2,155.2,184.0,738.2,76,0,170.0,2021,March,26,Friday,15
143,20.6,1.6,1.8,1994.8,Ride,4993654806,116,16,1,0,False,5.583,15.1,68.3,13.0,145.5,501.0,170.0,862.4,157.4,185.0,807.1,29,1,217.0,2021,March,22,Monday,16
144,31.8,2.4,2.7,2181.8,Ride,4981341610,84,20,0,0,False,5.968,15.3,69.3,16.0,129.7,566.0,152.0,1111.4,159.9,186.0,830.7,15,3,344.0,2021,March,20,Saturday,13
145,23.2,1.8,2.1,1804.5,Ride,4862242940,152,18,0,0,False,5.818,14.2,70.8,14.0,139.7,768.0,173.0,898.1,148.3,182.0,878.6,64,5,174.0,2021,February,27,Saturday,14
146,9.0,0.9,1.4,551.2,Ride,4839333421,6,11,0,0,False,4.715,10.8,,23.0,85.3,,,261.4,133.0,176.0,257.9,1,0,35.0,2021,February,23,Tuesday,17
147,25.1,1.9,2.1,2293.3,Ride,4827723263,4,23,0,0,False,5.979,14.6,73.1,14.0,122.5,525.0,163.0,827.3,151.7,181.0,1815.0,2,1,202.0,2021,February,21,Sunday,13
148,21.1,1.5,1.8,1348.4,Ride,4820877190,102,15,1,0,False,6.246,15.8,,13.0,137.6,1314.0,165.0,748.4,143.7,181.0,807.7,42,2,119.0,2021,February,20,Saturday,15
149,4.3,1.7,2.4,91.5,Walk,4753046997,0,9,0,0,False,1.102,5.1,,,,,,,88.9,136.0,93.8,0,0,13.0,2021,February,7,Sunday,12
150,24.1,2.0,2.6,1902.9,Ride,4747543443,62,17,0,0,False,5.267,13.8,,15.0,102.2,,,753.5,140.9,180.0,919.3,11,7,144.0,2021,February,6,Saturday,13
151,22.6,1.8,2.1,1806.1,Ride,4741246028,93,14,6,0,False,5.616,14.4,73.6,14.0,136.6,576.0,166.0,886.0,150.4,183.0,847.8,58,3,189.0,2021,February,5,Friday,14
152,22.3,1.8,1.9,2549.2,Ride,4714302400,4,19,2,0,False,5.598,18.1,,14.0,137.4,549.0,165.0,879.7,159.2,181.0,2518.4,2,0,263.0,2021,January,31,Sunday,12
153,1.6,0.4,0.5,82.0,Walk,4692854030,0,5,0,0,False,1.87,3.3,43.5,9.0,,,,,95.6,108.0,92.5,0,0,3.0,2021,January,27,Wednesday,17
154,0.8,0.2,0.3,65.0,Walk,4681899905,0,0,0,0,False,1.713,2.7,47.8,10.0,,,,,96.1,114.0,85.3,0,0,1.0,2021,January,25,Monday,16
155,49.0,3.1,3.5,1833.3,Ride,4670907007,118,14,0,0,False,7.068,19.1,,11.0,136.7,618.0,161.0,1524.6,149.5,185.0,328.4,47,3,306.0,2021,January,23,Saturday,13
156,13.5,1.4,1.7,784.1,Ride,4660167994,14,16,0,0,False,4.334,10.9,,,82.7,,,413.3,132.5,187.0,274.0,3,0,60.0,2021,January,21,Thursday,16
157,20.3,2.0,2.0,1097.8,Ride,4644241016,85,0,0,0,False,4.566,13.5,,24.0,87.5,,,624.9,137.7,184.0,371.4,23,0,111.0,2021,January,18,Monday,14
158,20.2,1.7,2.0,1097.4,Ride,4644231182,83,17,1,0,False,5.408,14.0,,19.0,91.6,,,549.7,,,371.4,48,8,,2021,January,18,Monday,13
159,31.8,2.3,3.0,2107.6,Ride,4632290950,26,20,8,0,False,6.065,15.6,,15.0,130.1,538.0,159.0,1097.1,150.2,183.0,815.0,12,9,236.0,2021,January,16,Saturday,10
160,3.3,0.3,0.8,90.6,Ride,4622268966,0,16,5,0,False,5.468,9.6,,,81.2,,,78.4,115.1,162.0,92.5,0,0,5.0,2021,January,14,Thursday,17
161,0.0,0.2,0.2,0.0,Workout,4567406267,0,6,0,0,True,0.0,0.0,,,,,,,110.4,147.0,,0,0,2.0,2021,January,4,Monday,14
162,0.0,0.5,0.5,0.0,Workout,4563870873,0,5,3,0,True,0.0,0.0,,,,,,,138.1,164.0,,0,0,28.0,2021,January,3,Sunday,21
163,0.0,0.5,0.5,0.0,Workout,4541714504,0,11,0,0,True,0.0,0.0,,,,,,,125.6,155.0,,0,0,15.0,2020,December,30,Wednesday,18
164,0.0,0.5,0.5,0.0,Elliptical,4516982041,0,12,0,0,True,0.0,0.0,,,,,,,124.4,141.0,,0,0,7.0,2020,December,25,Friday,15
165,15.0,0.8,0.8,459.3,VirtualRide,4513049783,23,13,0,0,False,8.725,14.7,77.6,,153.3,248.0,173.0,422.8,143.7,179.0,234.3,8,1,62.0,2020,December,24,Thursday,10
166,21.5,1.1,1.1,1197.5,VirtualRide,4506506579,50,11,0,0,False,8.856,16.6,79.8,,168.9,351.0,178.0,660.6,149.9,172.0,151.6,17,1,105.0,2020,December,22,Tuesday,19
167,18.9,1.3,1.3,1912.7,VirtualRide,4498460959,58,13,0,0,False,6.4,20.5,77.4,,153.0,455.0,168.0,727.0,150.9,180.0,1226.4,34,1,141.0,2020,December,20,Sunday,17
168,19.5,1.0,1.0,689.0,VirtualRide,4493312057,43,14,0,0,False,8.734,15.7,83.3,,161.3,463.0,175.0,579.5,161.3,180.0,271.0,14,1,155.0,2020,December,19,Saturday,17
169,11.3,0.8,0.8,0.0,VirtualRide,4485262967,0,8,0,0,False,6.456,8.2,,23.0,147.3,290.0,167.0,416.4,144.8,175.0,503.3,0,0,62.0,2020,December,17,Thursday,18
170,14.2,0.7,0.7,593.8,VirtualRide,4481563930,44,15,0,0,False,8.978,14.7,83.9,,163.6,450.0,169.0,417.5,139.2,157.0,271.0,37,1,42.0,2020,December,16,Wednesday,19
171,11.3,0.8,0.8,0.0,VirtualRide,4477232902,0,13,0,0,False,6.603,10.5,78.6,21.0,158.4,313.0,167.0,434.7,,,444.9,0,0,,2020,December,15,Tuesday,17
172,70.2,4.6,6.8,3622.0,Ride,4469398815,34,28,3,0,False,6.857,17.6,73.1,14.0,122.8,633.0,152.0,2022.5,136.5,180.0,589.2,26,1,239.0,2020,December,13,Sunday,9
173,14.5,0.8,0.8,666.0,VirtualRide,4452693474,55,10,0,0,False,8.504,14.5,71.7,,164.8,325.0,186.0,452.2,151.1,180.0,432.4,18,1,80.0,2020,December,9,Wednesday,20
174,50.6,3.2,3.6,3826.8,Ride,4439296233,2,26,0,0,False,7.169,18.6,,,156.3,,,1776.4,,,792.0,1,0,,2020,December,6,Sunday,10
175,17.0,0.9,0.9,705.4,VirtualRide,4430410349,47,18,0,0,False,8.278,14.5,76.4,,147.8,394.0,166.0,489.0,140.1,180.0,432.4,9,1,59.0,2020,December,4,Friday,18
176,15.8,0.8,0.8,469.2,VirtualRide,4426352744,3,16,0,0,False,9.242,15.3,74.6,,179.0,1075.0,203.0,491.8,148.4,178.0,111.5,3,1,70.0,2020,December,3,Thursday,16
177,30.2,2.0,2.5,1196.2,Ride,4398680569,0,20,2,0,False,6.875,17.0,70.9,9.0,108.7,566.0,131.0,769.4,124.7,160.0,804.1,0,2,52.0,2020,November,27,Friday,11
178,3.2,0.6,0.6,89.6,Run,4394729207,0,12,1,0,False,2.485,3.7,,,,,,,162.6,171.0,495.4,0,0,87.0,2020,November,26,Thursday,13
179,15.7,0.7,0.7,436.4,VirtualRide,4390515836,0,16,0,0,False,9.901,14.1,77.8,,172.9,361.0,181.0,440.8,147.4,168.0,111.5,0,1,64.0,2020,November,25,Wednesday,15
180,39.3,2.4,4.1,2234.3,Ride,4376635484,81,25,0,0,False,7.191,15.8,79.6,7.0,135.5,677.0,159.0,1190.3,144.6,179.0,666.0,19,0,192.0,2020,November,22,Sunday,8
181,47.4,3.2,4.0,3638.5,Ride,4371061030,18,23,0,0,False,6.534,19.6,79.5,16.0,137.7,700.0,166.0,1606.9,150.4,179.0,764.8,7,0,323.0,2020,November,21,Saturday,10
182,49.7,3.1,4.0,2994.8,Ride,4337841498,10,23,0,0,False,7.156,17.0,74.9,9.0,131.9,620.0,161.0,1473.3,138.4,180.0,668.6,1,0,177.0,2020,November,14,Saturday,9
183,15.2,0.8,0.8,124.7,VirtualRide,4333449994,26,13,0,0,False,9.003,12.6,76.8,,138.3,440.0,147.0,376.6,135.3,164.0,57.7,5,1,37.0,2020,November,13,Friday,16
184,15.6,0.8,0.8,413.4,VirtualRide,4329408714,62,13,0,0,False,9.106,15.7,81.1,,170.1,1005.0,184.0,470.1,156.3,181.0,112.2,25,1,95.0,2020,November,12,Thursday,17
185,15.3,1.0,1.0,1640.4,VirtualRide,4324752754,14,13,0,0,False,6.811,22.2,81.6,,162.1,383.0,180.0,584.7,158.6,178.0,2282.8,11,1,144.0,2020,November,11,Wednesday,16
186,11.9,0.8,0.8,947.8,Ride,4309846173,5,17,0,0,False,7.096,16.5,80.8,22.0,140.1,393.0,170.0,379.1,152.2,178.0,512.5,2,0,84.0,2020,November,8,Sunday,13
187,19.5,1.2,1.2,1406.5,Ride,4298860888,11,21,0,0,False,7.389,17.2,85.3,17.0,150.9,510.0,180.0,641.6,155.5,183.0,512.5,4,0,147.0,2020,November,6,Friday,15
188,10.4,0.6,0.6,948.2,VirtualRide,4291862670,28,15,0,0,False,7.89,19.9,84.9,,163.7,447.0,179.0,347.9,155.6,180.0,435.7,13,1,73.0,2020,November,5,Thursday,17
189,0.0,0.7,0.7,0.0,Ride,4278702230,0,10,0,0,True,0.0,0.0,,,,,,,102.5,120.0,,0,0,6.0,2020,November,2,Monday,18
190,62.4,4.2,5.7,4740.2,Ride,4273322736,156,24,3,0,False,6.63,18.3,79.9,10.0,136.4,643.0,167.0,2066.7,149.9,182.0,1289.0,72,2,424.0,2020,November,1,Sunday,9
191,18.7,1.1,1.1,1313.0,Ride,4243944200,14,23,0,0,False,7.446,14.8,86.5,9.0,159.1,708.0,195.0,642.1,150.1,185.0,512.5,2,0,94.0,2020,October,25,Sunday,16
192,21.3,1.3,1.3,1558.4,Ride,4238618933,22,20,0,0,False,7.622,16.5,87.5,18.0,160.8,775.0,197.0,723.9,154.3,180.0,512.5,12,0,121.0,2020,October,24,Saturday,14
193,5.4,1.1,1.1,529.5,Ride,4230090246,0,0,0,0,False,2.264,9.6,,12.0,64.7,,,250.6,145.7,177.0,1219.8,0,0,68.0,2020,October,22,Thursday,11
194,6.1,1.2,1.6,525.6,Ride,4229244007,0,16,0,0,False,2.235,12.7,,,133.2,,,584.4,,,1213.6,0,0,,2020,October,22,Thursday,10
195,0.0,0.2,0.2,0.0,Ride,4226193970,0,8,1,0,True,0.0,0.0,,,,,,,157.2,167.0,,0,0,20.0,2020,October,21,Wednesday,17
196,0.1,0.0,0.0,11.2,Ride,4226195372,0,7,0,0,False,2.429,3.7,,,55.6,,,5.5,111.2,122.0,1148.0,0,0,0.0,2020,October,21,Wednesday,17
197,0.2,0.0,0.0,13.5,Ride,4226193918,0,8,0,0,False,3.126,4.5,,,81.5,,,6.7,,,1145.3,0,0,,2020,October,21,Wednesday,17
198,41.2,3.1,3.7,3461.3,Ride,4212967910,8,26,0,0,False,5.937,15.8,70.1,15.0,132.7,658.0,170.0,1483.1,146.1,183.0,755.9,5,2,211.0,2020,October,18,Sunday,9
199,8.1,0.6,0.6,65.6,VirtualRide,4186892452,0,14,1,0,False,6.29,8.7,72.0,,59.8,164.0,61.0,124.4,102.8,115.0,57.7,0,1,5.0,2020,October,12,Monday,15
0,100.3,6.7,9.9,6912.4,Ride,4183247523,144,34,10,0,False,6.675,17.9,78.1,13.0,125.9,786.0,149.0,3043.7,147.8,184.0,1289.0,38,6,491.0,2020,October,11,Sunday,8
1,16.4,1.1,1.2,790.7,Ride,4160729929,17,19,0,0,False,6.386,12.6,79.0,16.0,139.6,798.0,171.0,576.9,,,463.9,16,0,,2020,October,6,Tuesday,16
2,16.5,1.2,1.2,898.6,Ride,4163595483,15,0,0,0,False,5.907,13.7,,,113.4,,,509.2,132.4,168.0,517.1,7,0,41.0,2020,October,6,Tuesday,16
3,5.7,1.1,1.1,556.4,Ride,4152648423,0,15,0,0,False,2.398,8.1,,,78.1,,,297.4,134.6,163.0,1678.5,0,0,36.0,2020,October,4,Sunday,17
4,63.4,4.2,5.2,3851.4,Ride,4146877598,0,24,7,0,False,6.765,19.7,77.2,10.0,122.1,780.0,154.0,1840.4,139.9,180.0,1481.0,0,0,211.0,2020,October,3,Saturday,9
5,12.1,0.6,0.6,98.4,VirtualRide,4142319732,27,13,0,0,False,8.554,10.9,,,123.0,220.0,126.0,279.7,126.2,143.0,57.7,4,1,11.0,2020,October,2,Friday,13
6,19.8,1.2,1.2,1509.2,Ride,4139141965,8,15,0,0,False,7.166,17.4,85.4,15.0,146.3,658.0,176.0,651.3,155.3,180.0,517.1,6,0,125.0,2020,October,1,Thursday,17
7,13.1,0.8,0.9,666.0,Ride,4121405059,4,20,2,0,False,6.956,14.3,82.2,23.0,142.3,554.0,165.0,431.4,,,572.2,0,0,,2020,September,27,Sunday,15
8,50.2,2.9,4.2,2916.7,Ride,4115473774,28,25,2,0,False,7.611,17.6,80.8,18.0,135.7,722.0,165.0,1438.9,153.6,183.0,585.3,17,0,280.0,2020,September,26,Saturday,8
9,42.3,2.6,4.2,2493.4,Ride,4088589300,117,23,2,0,False,7.224,16.6,81.4,12.0,141.6,990.0,168.0,1333.9,149.6,183.0,542.0,58,0,211.0,2020,September,20,Sunday,8
10,7.1,1.3,1.7,728.0,Ride,4065299338,0,14,0,0,False,2.438,8.2,,,94.8,,,444.8,141.5,178.0,627.0,0,0,71.0,2020,September,15,Tuesday,15
11,64.2,4.6,7.1,5144.4,Ride,4050773871,144,20,4,0,False,6.294,17.9,77.0,21.0,125.0,543.0,156.0,2053.9,141.6,179.0,1377.3,100,3,272.0,2020,September,12,Saturday,10
12,5.4,1.1,1.4,712.9,Ride,4022555961,0,13,0,0,False,2.211,7.6,,,94.3,,,368.3,136.2,165.0,856.6,0,0,41.0,2020,September,6,Sunday,14
13,8.8,1.3,1.5,905.8,Ride,4017246908,2,12,2,0,False,3.125,12.9,,,115.8,,,526.3,145.2,170.0,2012.5,1,1,85.0,2020,September,5,Saturday,14
14,12.3,1.1,1.3,658.8,Ride,4007914957,9,19,0,0,False,4.838,14.6,,,80.9,,,331.2,146.0,184.0,513.5,0,1,78.0,2020,September,3,Thursday,17
15,12.7,0.7,0.7,1069.6,VirtualRide,4003155394,35,7,0,0,False,7.818,19.9,83.3,,156.6,430.0,179.0,409.8,138.9,173.0,435.7,16,1,38.0,2020,September,2,Wednesday,18
16,15.7,0.8,0.8,469.2,VirtualRide,3998352682,4,12,0,0,False,9.277,13.6,80.5,,177.1,552.0,189.0,484.0,148.5,175.0,111.5,0,1,57.0,2020,September,1,Tuesday,17
17,2.5,1.1,1.2,292.0,Walk,3993617371,0,4,0,0,False,1.005,3.9,,,,,,,105.7,144.0,513.5,0,0,11.0,2020,August,31,Monday,18
18,19.0,1.2,1.4,1860.2,Ride,3988165153,9,12,3,0,False,6.904,17.5,84.0,24.0,148.9,532.0,175.0,660.1,148.2,177.0,712.6,3,0,96.0,2020,August,30,Sunday,12
19,14.8,0.8,0.8,666.0,VirtualRide,3979387091,52,7,1,0,False,8.584,15.3,84.4,,171.3,364.0,189.0,475.6,140.8,169.0,432.4,42,1,42.0,2020,August,28,Friday,18
20,12.2,0.7,0.7,193.6,VirtualRide,3965671245,12,5,0,0,False,8.165,14.0,76.9,,117.0,260.0,123.0,280.2,117.6,140.0,91.9,1,1,8.0,2020,August,25,Tuesday,17
21,2.1,0.3,0.3,149.0,Run,3961338903,0,9,0,0,False,2.805,3.6,78.8,,226.2,324.0,226.0,273.2,163.9,175.0,517.1,0,0,47.0,2020,August,24,Monday,19
22,53.0,3.9,4.8,2720.8,Ride,3956409491,110,17,8,0,False,6.1,15.5,74.9,28.0,102.0,531.0,140.0,1427.0,144.8,180.0,542.7,62,0,246.0,2020,August,23,Sunday,10
23,19.7,1.2,1.2,1397.6,Ride,3947071635,18,12,7,0,False,7.355,15.5,80.2,23.0,146.7,483.0,182.0,633.3,138.2,176.0,492.1,4,0,53.0,2020,August,21,Friday,18
24,19.5,1.1,1.2,1292.7,Ride,3933315886,21,17,0,0,False,7.629,16.3,84.7,22.0,156.6,825.0,188.0,644.8,147.1,179.0,507.9,12,0,84.0,2020,August,18,Tuesday,17
25,16.1,1.0,1.0,1049.9,VirtualRide,3928466478,20,10,0,0,False,7.466,19.8,78.2,,151.8,373.0,167.0,525.8,147.6,175.0,818.2,2,1,68.0,2020,August,17,Monday,18
26,18.9,1.1,1.1,905.5,VirtualRide,3923911251,59,9,0,0,False,7.766,19.1,77.6,,170.1,444.0,181.0,666.9,141.5,169.0,328.7,46,1,58.0,2020,August,16,Sunday,17
27,25.6,1.6,1.6,2108.3,Ride,3913814119,17,11,0,0,False,7.341,18.0,81.6,23.0,148.1,646.0,180.0,829.9,146.4,174.0,532.8,12,0,106.0,2020,August,14,Friday,17
28,15.7,0.8,0.8,456.0,VirtualRide,3904609216,0,4,0,0,False,9.156,13.4,75.7,,160.9,351.0,172.0,443.1,137.0,162.0,111.5,0,1,32.0,2020,August,12,Wednesday,18
29,14.4,0.8,0.9,908.8,Ride,3899671934,13,15,1,0,False,7.622,16.9,83.1,26.0,159.0,612.0,190.0,484.1,146.1,178.0,511.8,9,0,57.0,2020,August,11,Tuesday,17
30,0.0,0.5,0.5,0.0,Elliptical,3889503893,0,10,0,0,True,0.0,0.0,,,,,,,115.7,143.0,,0,0,6.0,2020,August,9,Sunday,14
31,25.5,2.1,2.5,607.0,Ride,3885062116,1,13,2,0,False,5.495,10.7,72.0,23.0,125.8,573.0,135.0,940.3,144.9,176.0,906.2,0,12,129.0,2020,August,8,Saturday,16
32,2.1,0.3,0.3,156.8,Run,3879160906,1,7,0,0,False,2.818,3.6,79.3,,225.0,306.0,224.0,267.7,170.9,181.0,517.1,0,0,61.0,2020,August,7,Friday,14
33,18.8,1.1,1.2,1357.9,Ride,3875729448,16,9,0,0,False,7.479,16.9,83.9,21.0,150.1,650.0,174.0,606.7,154.9,185.0,511.2,7,0,112.0,2020,August,6,Thursday,18
34,10.5,0.6,0.6,0.0,VirtualRide,3870630575,0,5,0,0,True,8.052,9.0,84.8,,175.9,246.0,185.0,370.3,160.7,174.0,,0,1,72.0,2020,August,5,Wednesday,18
35,13.1,0.8,0.8,1276.2,VirtualRide,3865768769,25,9,0,0,False,7.246,19.9,81.7,,165.1,400.0,180.0,478.8,154.5,179.0,435.7,18,1,76.0,2020,August,4,Tuesday,19
36,7.7,0.7,0.8,28.5,Ride,3856331385,0,8,1,0,False,4.674,10.7,,,50.8,,,135.4,101.5,136.0,470.8,0,0,6.0,2020,August,2,Sunday,20
37,7.5,0.9,0.9,30.5,Ride,3855957438,0,7,0,0,False,3.888,9.9,,,39.0,,,121.2,96.2,142.0,470.8,0,1,7.0,2020,August,2,Sunday,17
38,44.2,3.0,3.5,1519.0,Ride,3849375956,0,12,0,0,False,6.611,14.7,69.0,27.0,90.7,495.0,106.0,974.9,119.4,148.0,885.8,0,1,42.0,2020,August,1,Saturday,9
39,10.1,0.6,0.6,0.0,VirtualRide,3840906560,0,4,0,0,True,7.572,9.6,87.1,,152.2,291.0,163.0,325.9,141.7,172.0,,0,1,31.0,2020,July,30,Thursday,19
40,19.7,1.2,1.2,1459.0,Ride,3835649855,29,10,0,0,False,7.363,16.1,78.3,27.0,150.2,572.0,176.0,647.3,149.8,177.0,513.5,9,0,98.0,2020,July,29,Wednesday,17
41,21.8,1.3,1.6,1569.2,Ride,3830065968,34,9,2,0,False,7.464,16.6,80.3,27.0,145.6,632.0,176.0,683.8,152.3,186.0,517.1,23,1,117.0,2020,July,28,Tuesday,17
42,8.4,1.2,1.2,571.9,Ride,3816852516,1,8,0,0,False,3.193,12.3,,,57.8,,,245.3,98.4,147.0,513.5,0,0,11.0,2020,July,26,Sunday,18
43,51.5,3.4,6.1,2578.7,Ride,3812201787,76,15,2,0,False,6.702,19.0,76.0,29.0,124.3,704.0,148.0,1537.5,141.5,176.0,542.7,43,4,190.0,2020,July,25,Saturday,7
44,0.0,1.0,1.0,0.0,Ride,3809418477,0,0,0,0,True,0.0,0.0,,,,,,,139.4,170.0,,0,0,45.0,2020,July,24,Friday,18
45,16.2,1.0,1.0,0.0,VirtualRide,3809413899,0,7,0,0,True,7.477,9.8,86.6,,147.7,316.0,161.0,515.9,,,,0,1,,2020,July,24,Friday,18
46,14.7,0.9,0.9,0.0,VirtualRide,3803089851,0,4,0,0,True,7.349,9.4,87.1,,142.3,498.0,155.0,458.6,131.4,155.0,,0,1,26.0,2020,July,22,Wednesday,17
47,11.2,0.7,0.7,0.0,VirtualRide,3798176548,0,8,0,0,True,6.697,8.2,90.2,,110.7,235.0,116.0,298.7,121.1,153.0,,0,1,12.0,2020,July,21,Tuesday,18
48,0.0,0.2,0.2,0.0,Yoga,3792650220,0,3,0,0,True,0.0,0.0,,,,,,,,,,0,1,,2020,July,20,Monday,18
49,6.7,0.5,0.5,0.0,VirtualRide,3792575534,0,4,0,0,True,6.019,6.2,89.6,,86.2,98.0,86.0,155.1,109.2,117.0,,0,1,5.0,2020,July,20,Monday,17
50,11.4,0.9,1.1,613.5,Ride,3787583795,3,3,0,0,False,5.723,12.1,77.7,35.0,94.6,362.0,119.0,303.4,147.8,169.0,532.2,3,0,62.0,2020,July,19,Sunday,14
51,61.0,4.5,6.0,3958.0,Ride,3788561582,69,9,4,0,False,6.126,18.6,76.9,31.0,86.1,516.0,121.0,1379.7,140.8,173.0,592.5,1,6,225.0,2020,July,19,Sunday,9
52,49.0,3.5,4.4,2910.1,Ride,3787241872,68,8,0,0,False,6.259,18.7,77.7,31.0,85.6,516.0,122.0,1078.6,139.2,173.0,656.8,49,4,162.0,2020,July,19,Sunday,9
53,5.6,0.3,0.3,0.0,VirtualRide,3782607497,0,2,0,0,True,7.328,9.8,83.6,,148.2,349.0,172.0,181.8,125.8,162.0,,0,1,11.0,2020,July,18,Saturday,18
54,0.0,0.4,0.4,0.0,Ride,3782608826,0,2,0,0,True,0.0,0.0,,,,,,,132.1,163.0,,0,0,13.0,2020,July,18,Saturday,18
55,15.2,1.0,1.0,984.3,Ride,3777528222,36,10,0,0,False,7.164,16.0,66.9,24.0,4.6,240.0,43.0,15.8,143.9,173.0,525.6,13,0,61.0,2020,July,17,Friday,18
56,11.5,0.7,0.7,0.0,VirtualRide,3773082781,0,5,0,0,True,7.801,8.6,73.9,,162.9,211.0,172.0,387.7,131.2,161.0,,0,0,34.0,2020,July,16,Thursday,17
57,2.1,0.3,0.3,147.3,Run,3768463176,1,4,0,0,False,2.903,3.5,79.8,,242.2,390.0,242.0,279.7,167.0,184.0,517.1,1,0,51.0,2020,July,15,Wednesday,18
58,9.6,0.5,0.5,85.3,VirtualRide,3763865286,21,6,0,0,False,8.399,10.8,,,128.1,499.0,135.0,236.5,121.9,149.0,57.7,0,1,9.0,2020,July,14,Tuesday,20
59,2.1,0.3,0.3,140.4,Run,3758611319,1,5,0,0,False,2.782,4.3,,,,,,,167.1,180.0,517.1,0,0,52.0,2020,July,13,Monday,20
60,30.3,2.1,3.2,1846.5,Ride,3752524468,76,10,0,0,False,6.319,16.9,69.2,30.0,105.7,684.0,154.0,816.4,139.0,182.0,542.7,27,0,106.0,2020,July,12,Sunday,9
61,2.1,0.2,0.3,160.8,Ride,3751157998,1,6,0,0,False,4.898,8.0,68.3,23.0,127.8,410.0,134.0,88.3,140.0,159.0,348.4,0,0,9.0,2020,July,12,Sunday,8
62,10.2,0.5,0.5,0.0,Ride,3742469666,0,4,0,0,True,9.162,16.3,,24.0,146.4,414.0,156.0,261.2,149.9,175.0,581.4,0,0,39.0,2020,July,10,Friday,14
63,8.2,0.5,0.5,0.0,VirtualRide,3742461893,0,3,1,0,True,7.325,9.6,,,147.4,420.0,158.0,265.1,146.6,175.0,,0,1,38.0,2020,July,10,Friday,14
64,0.0,0.4,0.4,0.0,Ride,3734387681,0,5,0,0,True,0.0,0.0,,,,,,,133.8,157.0,,0,0,11.0,2020,July,8,Wednesday,18
65,1.8,0.6,0.6,227.0,Walk,3734387692,0,2,0,0,False,1.495,2.8,,,,,,,98.7,126.0,513.5,0,0,4.0,2020,July,7,Tuesday,20
66,0.2,0.2,0.2,0.0,Swim,3719911087,0,4,0,0,True,0.402,2.0,,,,,,,119.1,136.0,,0,0,4.0,2020,July,5,Sunday,16
67,0.0,0.3,0.3,0.0,Workout,3719911068,0,2,0,0,True,0.0,0.0,,,,,,,94.3,108.0,,0,0,2.0,2020,July,5,Sunday,15
68,0.3,0.6,0.6,0.0,Swim,3714277711,0,1,0,0,True,0.224,2.0,,,,,,,119.4,146.0,,0,0,17.0,2020,July,4,Saturday,15
69,2.1,0.3,0.3,62.0,Run,3709472277,1,4,0,0,False,2.823,3.4,80.1,,230.1,282.0,228.0,279.1,165.0,175.0,498.0,1,0,51.0,2020,July,3,Friday,18
70,0.0,1.9,1.9,0.0,Workout,3705116010,0,3,0,0,True,0.0,0.0,,,,,,,117.9,166.0,,0,1,34.0,2020,July,2,Thursday,16
71,2.1,0.4,0.4,154.9,Run,3703976297,0,3,0,0,False,2.658,3.2,79.4,,217.0,310.0,214.0,274.7,162.8,176.0,517.1,0,0,46.0,2020,July,2,Thursday,14
72,15.8,0.8,0.8,419.9,VirtualRide,3700408710,65,7,0,0,False,9.077,16.5,,,175.0,993.0,192.0,491.1,147.4,168.0,112.2,44,1,58.0,2020,July,1,Wednesday,18
73,2.1,0.3,0.3,140.7,Run,3695195054,1,3,0,0,False,2.778,3.3,80.0,,231.9,343.0,231.0,279.9,140.1,177.0,517.1,1,0,34.0,2020,June,30,Tuesday,18
74,39.6,2.5,3.2,2532.8,Ride,3684800462,3,7,4,0,False,7.112,17.0,72.9,25.0,115.6,623.0,144.0,1036.6,140.8,172.0,829.4,3,0,122.0,2020,June,28,Sunday,9
75,2.2,0.4,0.4,0.0,Run,3758635637,0,1,0,0,True,2.505,3.7,75.1,,209.7,338.0,222.0,301.1,,,520.3,0,0,,2020,June,28,Sunday,7
76,10.4,0.6,0.6,433.1,VirtualRide,3675273417,38,4,0,0,False,7.586,17.3,73.9,,137.6,904.0,170.0,305.0,134.3,166.0,211.9,19,1,24.0,2020,June,26,Friday,15
77,2.1,0.3,0.3,148.3,Run,3671736580,1,3,0,0,False,2.733,3.3,80.2,,227.6,324.0,227.0,279.8,165.2,176.0,517.1,0,0,48.0,2020,June,25,Thursday,20
78,5.3,0.5,0.7,400.3,Ride,3666518807,3,3,0,0,False,4.469,13.2,53.2,26.0,85.2,456.0,127.0,161.8,123.1,158.0,497.4,0,0,13.0,2020,June,24,Wednesday,17
79,2.3,0.4,0.4,0.0,Run,3758635547,0,1,0,0,True,2.51,3.5,75.8,,209.8,324.0,219.0,302.9,,,451.4,0,0,,2020,June,23,Tuesday,9
80,2.1,0.4,0.4,139.1,Run,3656125191,0,2,0,0,False,2.523,3.1,78.8,,208.1,290.0,207.0,281.8,156.8,166.0,517.1,0,0,40.0,2020,June,22,Monday,18
81,19.5,1.3,1.3,1256.6,Ride,3650759306,20,6,0,0,False,6.648,16.3,73.2,30.0,129.4,636.0,158.0,611.2,146.8,173.0,656.8,4,0,89.0,2020,June,21,Sunday,13
82,40.1,3.0,3.7,2142.4,Ride,3645465742,26,9,0,0,False,6.028,14.7,72.1,30.0,100.2,573.0,133.0,1071.6,145.0,178.0,605.0,5,2,192.0,2020,June,20,Saturday,12
83,2.3,0.4,0.4,0.0,Run,3758635336,0,0,0,0,True,2.308,3.3,74.6,,190.5,289.0,201.0,302.9,,,513.8,0,0,,2020,June,20,Saturday,9
84,2.2,0.2,0.2,74.1,Ride,3640463240,1,1,0,0,False,5.405,11.3,,,63.6,,,42.0,105.4,144.0,513.5,0,1,2.0,2020,June,19,Friday,18
85,2.2,0.4,0.4,152.2,Run,3635822245,0,2,0,0,False,2.548,3.1,79.4,,210.6,292.0,209.0,292.5,157.5,172.0,517.1,0,0,48.0,2020,June,18,Thursday,17
86,2.3,0.4,0.4,0.0,Run,3758635194,0,1,0,0,True,2.409,3.2,76.4,,200.3,292.0,205.0,307.6,,,282.8,0,0,,2020,June,17,Wednesday,22
87,16.6,1.1,1.1,1141.7,Ride,3631399931,10,7,0,0,False,6.82,14.9,74.8,21.0,139.9,715.0,169.0,548.9,140.5,172.0,343.8,4,0,58.0,2020,June,17,Wednesday,17
88,0.0,0.5,0.5,0.0,Elliptical,3619682901,0,4,0,0,True,0.0,0.0,,,,,,,123.2,159.0,,0,0,6.0,2020,June,15,Monday,13
89,26.8,1.8,1.9,1417.3,Ride,3615971450,2,9,3,0,False,6.538,14.6,77.1,17.0,115.2,503.0,145.0,761.2,144.5,171.0,696.2,1,0,112.0,2020,June,14,Sunday,15
90,3.1,0.6,0.6,103.0,Run,3610395036,1,1,0,0,False,2.498,3.7,,,,,,,171.0,178.0,488.8,0,0,96.0,2020,June,13,Saturday,18
91,10.6,0.9,0.9,1410.8,VirtualRide,3603759373,5,2,0,0,False,5.037,19.7,78.6,,127.3,325.0,150.0,430.6,145.4,175.0,2282.8,1,1,63.0,2020,June,12,Friday,12
92,10.7,0.6,0.6,282.2,VirtualRide,3600672115,35,3,0,0,False,8.312,15.2,76.7,,148.2,377.0,163.0,306.0,136.2,169.0,112.2,29,1,23.0,2020,June,11,Thursday,20
93,0.0,0.3,0.3,0.0,Ride,3595858319,0,2,0,0,True,0.0,0.0,,,,,,,108.6,119.0,,0,0,2.0,2020,June,10,Wednesday,21
94,2.0,0.3,0.3,82.7,Run,3590731201,1,5,0,0,False,2.701,4.7,,,,,,,170.5,180.0,488.8,0,0,58.0,2020,June,9,Tuesday,19
95,2.2,0.1,0.2,36.1,Ride,3590800708,0,3,1,0,False,7.441,11.1,75.1,28.0,100.7,358.0,113.0,48.2,127.2,153.0,413.4,0,0,3.0,2020,June,9,Tuesday,19
96,2.2,0.4,0.4,61.7,Run,3584891438,0,5,4,0,False,2.662,3.5,,,,,,,172.3,179.0,498.0,0,0,71.0,2020,June,8,Monday,17
97,5.1,0.5,0.5,16.4,Ride,3580561536,0,5,0,0,False,4.532,6.5,,,43.7,,,78.5,108.1,115.0,454.4,0,0,5.0,2020,June,7,Sunday,18
98,31.1,1.9,1.9,1463.3,Ride,3574338280,8,8,0,0,False,7.216,14.7,80.9,25.0,132.5,563.0,154.0,918.3,150.2,179.0,718.5,6,0,154.0,2020,June,6,Saturday,14
99,2.0,0.4,0.4,82.3,Run,3569745532,0,1,0,0,False,2.513,3.6,,,,,,,171.7,181.0,488.8,0,0,67.0,2020,June,5,Friday,19
100,0.0,0.3,0.3,0.0,Ride,3565189013,0,4,0,0,True,0.0,0.0,,,,,,,124.4,136.0,,0,0,5.0,2020,June,4,Thursday,17
101,2.1,0.4,0.4,50.5,Run,3559678132,0,5,1,0,False,2.29,3.4,,,,,,,173.2,182.0,476.7,0,0,81.0,2020,June,3,Wednesday,14
102,15.4,0.9,0.9,567.6,Ride,3555364334,0,6,0,0,False,7.585,11.8,79.0,18.0,140.3,542.0,158.0,458.3,145.6,172.0,558.4,0,0,58.0,2020,June,2,Tuesday,18
103,2.0,0.4,0.4,31.5,Run,3550029651,0,5,2,0,False,2.279,3.3,,,,,,,147.9,171.0,476.7,0,0,37.0,2020,June,1,Monday,19
104,25.2,1.6,1.7,1036.7,Ride,3538187198,2,9,0,0,False,7.24,12.9,78.3,17.0,135.6,530.0,148.0,760.5,155.8,180.0,956.0,1,0,156.0,2020,May,30,Saturday,14
105,0.0,0.4,0.4,0.0,Elliptical,3532660073,0,3,0,0,True,0.0,0.0,,,,,,,153.3,177.0,,0,0,39.0,2020,May,29,Friday,15
106,0.0,0.4,0.4,0.0,Elliptical,3516129460,0,4,0,0,True,0.0,0.0,,,,,,,128.0,140.0,,0,0,6.0,2020,May,26,Tuesday,13
107,20.6,1.2,1.2,800.5,Ride,3511894473,2,6,0,0,False,7.458,12.1,84.8,25.0,139.9,485.0,155.0,622.8,158.6,177.0,508.5,1,0,138.0,2020,May,25,Monday,17
108,17.1,1.3,1.4,508.5,Ride,3506290423,0,9,0,0,False,5.917,8.9,78.4,26.0,110.3,394.0,125.0,511.9,146.4,169.0,782.8,0,1,85.0,2020,May,24,Sunday,14
109,8.5,0.6,0.6,409.8,Ride,3500788084,1,8,1,0,False,6.643,13.9,,,113.8,,,234.1,152.6,179.0,578.1,0,0,48.0,2020,May,23,Saturday,17
110,13.2,0.9,0.9,587.3,Ride,3495382809,0,10,1,0,False,6.345,12.0,78.7,25.0,121.2,465.0,145.0,405.6,154.2,181.0,563.6,0,0,88.0,2020,May,22,Friday,16
111,20.5,1.4,1.4,869.4,Ride,3490762370,0,9,3,0,False,6.733,15.3,77.6,24.0,54.1,205.0,67.0,265.4,153.2,185.0,735.6,0,2,123.0,2020,May,21,Thursday,16
112,20.2,1.4,1.4,593.8,Ride,3484635683,1,6,1,0,False,6.587,11.6,75.3,23.0,132.0,721.0,151.0,650.0,146.2,175.0,536.1,1,0,93.0,2020,May,20,Wednesday,14
113,0.0,0.4,0.4,0.0,Workout,3479764453,0,2,0,0,True,0.0,0.0,,,,,,,114.1,136.0,,0,0,4.0,2020,May,19,Tuesday,18
114,10.1,0.6,0.6,85.3,VirtualRide,3469430015,21,4,0,0,False,7.608,9.8,63.5,,96.2,160.0,97.0,205.9,122.5,139.0,57.7,0,1,8.0,2020,May,17,Sunday,19
115,8.8,0.6,0.6,629.9,Ride,3462730748,8,10,0,0,False,6.636,14.7,71.7,22.0,144.2,478.0,171.0,307.1,156.7,182.0,515.1,3,0,65.0,2020,May,16,Saturday,16
116,10.5,0.6,0.6,446.2,VirtualRide,3436996514,54,3,0,0,False,7.779,16.9,72.9,,147.5,281.0,161.0,321.8,162.6,182.0,211.9,30,1,81.0,2020,May,11,Monday,19
117,0.0,0.5,0.5,0.0,Elliptical,3426488480,0,3,0,0,True,0.0,0.0,,,,,,,149.6,168.0,,0,0,38.0,2020,May,9,Saturday,15
118,5.5,0.4,0.4,0.0,Ride,3420473477,0,3,0,0,True,5.505,6.9,,20.0,86.9,106.0,87.0,138.7,,,,0,0,,2020,May,8,Friday,14
119,14.2,0.8,0.8,593.8,VirtualRide,3415988664,24,5,0,0,False,8.424,14.7,71.4,,146.0,314.0,159.0,395.8,155.6,175.0,271.0,7,1,74.0,2020,May,7,Thursday,18
120,10.0,0.7,0.7,0.0,Ride,3410596980,0,5,0,0,True,6.479,8.4,,19.0,98.1,123.0,98.0,244.6,126.1,140.0,,0,0,11.0,2020,May,6,Wednesday,18
121,10.1,0.6,0.6,662.7,VirtualRide,3404453001,23,4,0,0,False,7.297,16.9,,,128.3,741.0,152.0,286.3,145.3,180.0,151.6,13,1,38.0,2020,May,5,Tuesday,17
122,1.8,0.4,0.4,169.3,Run,3399028398,0,2,0,0,False,2.125,3.6,,,,,,,174.4,186.0,512.1,0,0,76.0,2020,May,4,Monday,17
123,21.1,1.5,1.5,1082.7,Ride,3392652322,5,6,0,0,False,6.359,13.4,72.9,24.0,103.4,359.0,122.0,553.1,138.7,166.0,920.6,4,1,67.0,2020,May,3,Sunday,11
124,25.7,1.6,1.6,1240.2,Ride,3387560758,6,11,0,0,False,7.188,15.7,78.4,17.0,127.9,418.0,148.0,735.6,157.6,179.0,732.9,4,1,172.0,2020,May,2,Saturday,14
125,2.0,0.3,0.3,0.0,Run,3377574541,0,3,0,0,True,2.759,4.0,,,,,,,152.1,167.0,,0,0,22.0,2020,April,30,Thursday,18
126,9.0,0.7,0.7,331.4,VirtualRide,3373072358,25,6,0,0,False,6.09,13.5,68.2,,127.1,301.0,143.0,302.9,152.9,180.0,328.7,11,1,60.0,2020,April,29,Wednesday,18
127,10.2,0.7,0.7,584.0,VirtualRide,3368253797,31,4,0,0,False,6.959,16.5,62.5,,119.2,272.0,140.0,280.7,143.4,174.0,432.4,15,1,36.0,2020,April,28,Tuesday,17
128,11.2,0.5,0.5,88.6,VirtualRide,3363766667,0,5,0,0,False,9.266,11.5,,,159.0,303.0,166.0,310.7,160.7,176.0,57.7,0,1,67.0,2020,April,27,Monday,18
129,18.4,1.2,1.4,951.4,Ride,3352959495,2,8,0,0,False,6.585,14.9,73.4,14.0,110.1,331.0,126.0,494.4,156.4,180.0,748.7,0,0,129.0,2020,April,25,Saturday,15
130,15.2,1.0,1.0,646.3,Ride,3347932052,0,6,0,0,False,6.716,12.2,73.3,7.0,118.4,390.0,133.0,430.6,,,568.9,0,0,,2020,April,24,Friday,17
131,15.5,1.1,1.2,510.8,Ride,3348043033,0,5,0,0,False,6.256,13.3,,,98.0,,,390.3,156.8,178.0,564.3,0,0,111.0,2020,April,24,Friday,17
132,9.0,0.6,0.6,830.1,VirtualRide,3338236018,35,5,0,0,False,7.248,23.2,,,153.3,416.0,163.0,306.5,163.9,180.0,599.1,33,0,78.0,2020,April,22,Wednesday,16
133,15.3,1.0,1.0,807.1,VirtualRide,3328583580,46,5,0,0,False,6.822,20.6,67.8,,132.1,335.0,141.0,476.2,160.7,181.0,510.5,19,1,141.0,2020,April,20,Monday,18
134,14.4,1.1,1.1,1204.1,VirtualRide,3318639293,35,9,0,0,False,5.834,21.4,64.7,,105.9,332.0,122.0,419.6,155.5,181.0,435.7,6,1,110.0,2020,April,18,Saturday,17
135,11.3,0.7,0.7,426.5,VirtualRide,3314027530,56,7,0,0,False,7.26,18.9,66.5,,132.3,279.0,143.0,330.1,155.9,180.0,211.9,23,1,79.0,2020,April,17,Friday,20
136,9.0,0.7,0.7,830.1,VirtualRide,3309640544,30,8,0,0,False,6.172,22.7,67.2,,119.0,458.0,135.0,279.6,152.0,178.0,599.1,24,0,62.0,2020,April,16,Thursday,19
137,10.4,0.8,0.8,800.5,VirtualRide,3299671831,3,4,0,0,False,6.1,17.9,67.6,,107.4,208.0,117.0,295.9,146.2,165.0,282.2,0,1,52.0,2020,April,14,Tuesday,16
138,0.0,0.7,0.7,0.0,Ride,3295278939,0,6,0,0,True,0.0,0.0,,,,,,,147.1,177.0,,0,0,48.0,2020,April,13,Monday,16
139,10.0,0.7,0.7,626.6,VirtualRide,3295242287,15,5,0,0,False,6.524,16.2,72.4,,102.5,755.0,120.0,253.4,,,151.6,6,1,,2020,April,13,Monday,16
140,10.2,0.8,0.8,708.7,VirtualRide,3291511736,17,6,0,0,False,5.75,20.8,72.6,,108.8,257.0,121.0,309.2,157.6,175.0,510.5,0,1,84.0,2020,April,12,Sunday,19
141,6.1,0.6,0.6,633.2,VirtualRide,3286861493,5,6,0,0,False,4.63,21.8,62.6,,121.7,432.0,125.0,258.0,160.1,169.0,591.2,5,1,67.0,2020,April,11,Saturday,19
142,5.5,0.4,0.4,77.4,VirtualRide,3276458085,0,5,0,0,False,6.447,9.9,74.9,,96.6,352.0,109.0,131.5,,,57.7,0,1,,2020,April,9,Thursday,13
143,8.5,0.9,0.9,790.7,VirtualRide,3268920275,0,3,0,0,False,4.165,22.1,72.6,,78.3,97.0,80.0,258.1,138.7,155.0,599.1,0,1,37.0,2020,April,7,Tuesday,18
144,14.4,1.4,1.6,815.3,Ride,3269254471,5,3,0,0,False,4.551,16.0,,,75.3,,,383.7,,,510.5,0,0,,2020,April,6,Monday,18
145,9.1,0.8,0.8,462.6,VirtualRide,3260332996,3,5,0,0,False,4.889,13.7,68.6,,98.5,321.0,106.0,296.7,159.9,181.0,328.7,0,1,100.0,2020,April,5,Sunday,16
146,7.8,0.8,0.8,711.9,VirtualRide,3255825196,10,7,0,0,False,4.151,18.3,,,78.0,102.0,80.0,234.6,134.6,150.0,290.7,0,1,25.0,2020,April,4,Saturday,17
147,10.1,0.6,0.6,124.7,VirtualRide,3250724975,30,8,0,0,False,7.742,12.8,67.3,,99.8,234.0,103.0,210.1,151.4,169.0,211.9,6,1,50.0,2020,April,3,Friday,13
148,5.1,0.3,0.3,39.4,VirtualRide,3248305783,5,5,0,0,False,7.449,12.7,66.2,,102.5,476.0,110.0,112.0,,,78.1,2,1,,2020,April,2,Thursday,20
149,12.0,0.8,0.8,137.8,VirtualRide,3244523448,2,8,0,0,False,6.42,11.9,72.2,,75.6,107.0,78.0,227.5,134.7,153.0,103.0,1,1,28.0,2020,April,1,Wednesday,20
150,10.5,0.8,0.8,728.3,VirtualRide,3240312608,13,9,0,0,False,6.217,17.8,63.8,,110.5,234.0,125.0,300.6,145.0,171.0,151.6,6,1,46.0,2020,March,31,Tuesday,17
151,3.7,0.8,0.8,0.0,AlpineSki,3002700158,0,5,0,0,False,2.192,0.0,,,,,,,,,,0,1,,2020,January,11,Saturday,14
152,14.0,1.4,4153.5,830.1,Ride,3264504992,7,10,0,0,False,4.422,12.5,68.5,12.0,101.9,646.0,119.0,520.9,148.6,181.0,505.9,0,0,103.0,2019,October,16,Wednesday,18
153,40.8,3.0,4.0,2103.0,Ride,2731268894,25,8,0,0,False,6.123,17.5,68.9,18.0,96.1,512.0,123.0,1029.5,152.7,189.0,547.2,2,0,261.0,2019,September,22,Sunday,7
154,18.7,1.5,2.4,1033.5,Ride,2691773323,7,4,0,0,False,5.397,15.8,57.9,23.0,81.6,698.0,123.0,453.9,87.0,87.0,532.2,0,0,10.0,2019,September,8,Sunday,12
155,15.3,1.1,1.2,1325.5,Ride,2605077551,17,8,0,0,False,6.111,15.5,72.4,27.0,128.9,607.0,162.0,518.2,150.4,177.0,515.1,7,0,92.0,2019,August,9,Friday,14
156,8.3,0.6,0.6,528.2,VirtualRide,2596182586,7,4,0,0,False,6.374,17.3,74.1,,114.0,256.0,133.0,238.5,130.4,168.0,151.6,4,1,18.0,2019,August,6,Tuesday,12
157,14.1,1.2,1.2,797.2,Ride,2591193787,25,10,0,0,False,5.231,14.0,71.9,26.0,117.2,706.0,141.0,506.9,145.2,175.0,548.6,9,0,77.0,2019,August,4,Sunday,13
158,8.4,0.5,0.5,124.7,VirtualRide,2588296877,3,4,0,0,False,7.479,11.6,60.1,,103.4,201.0,111.0,187.2,118.7,137.0,103.0,1,1,7.0,2019,August,3,Saturday,19
159,25.7,1.6,1.8,1420.6,Ride,2584913659,17,8,0,0,False,7.12,17.2,75.3,26.0,137.0,647.0,153.0,794.4,154.0,177.0,544.6,9,0,151.0,2019,August,2,Friday,13
160,17.9,1.0,1.0,364.2,VirtualRide,2582609907,26,5,0,0,False,8.002,13.2,82.7,,132.1,224.0,141.0,476.5,145.3,170.0,65.6,8,1,66.0,2019,August,1,Thursday,16
161,14.6,1.0,1.0,1020.3,VirtualRide,2578928143,26,4,0,0,False,6.527,16.7,78.9,,124.5,208.0,134.0,448.9,136.3,167.0,151.6,4,1,43.0,2019,July,31,Wednesday,11
162,12.1,0.8,0.9,859.6,Ride,2571332344,4,9,0,0,False,6.495,15.0,72.5,29.0,130.5,411.0,154.0,390.5,159.8,186.0,532.8,1,0,100.0,2019,July,28,Sunday,16
163,14.1,1.4,1.7,912.1,Ride,2565437559,13,8,0,0,False,4.472,13.8,54.2,27.0,75.6,750.0,127.0,383.3,123.9,177.0,545.3,1,0,33.0,2019,July,26,Friday,14
164,10.2,0.5,0.5,183.7,VirtualRide,2563490549,28,4,0,0,False,8.496,12.5,72.3,,139.6,291.0,149.0,269.5,143.5,162.0,65.6,7,1,34.0,2019,July,25,Thursday,20
165,6.8,0.4,0.4,482.3,VirtualRide,2557476204,26,3,0,0,False,7.199,16.6,77.7,,140.6,288.0,156.0,213.6,148.7,174.0,151.6,19,1,31.0,2019,July,23,Tuesday,16
166,10.8,0.7,0.7,456.0,VirtualRide,2554098456,36,5,0,0,False,7.3,17.2,71.4,,127.6,827.0,145.0,304.6,,,212.6,21,1,,2019,July,22,Monday,13
167,22.3,2.0,2.4,984.3,Ride,2552576359,3,6,0,0,False,5.064,17.4,56.8,31.0,65.0,1097.0,110.0,460.3,116.6,169.0,611.5,0,0,32.0,2019,July,21,Sunday,11
168,8.2,0.5,0.5,203.4,VirtualRide,2545843064,0,5,0,0,False,7.341,15.7,76.0,,122.5,212.0,132.0,220.1,137.1,157.0,212.6,0,1,19.0,2019,July,19,Friday,13
169,15.3,0.8,0.8,229.7,VirtualRide,2543380820,39,5,0,0,False,8.17,12.7,71.1,,127.2,181.0,133.0,383.4,147.6,170.0,103.0,24,1,59.0,2019,July,18,Thursday,13
170,12.6,0.8,0.8,876.0,VirtualRide,2538593330,33,6,0,0,False,6.75,16.9,69.8,,126.0,300.0,132.0,378.8,147.8,166.0,151.6,9,1,59.0,2019,July,16,Tuesday,20
171,8.3,0.5,0.5,518.4,VirtualRide,2534526400,32,4,0,0,False,7.359,16.2,78.2,,125.8,413.0,136.0,227.1,151.1,173.0,151.6,22,1,40.0,2019,July,15,Monday,12
172,13.5,1.0,1.0,1007.2,Ride,2532817416,7,7,0,0,False,6.316,16.2,74.2,28.0,126.7,462.0,153.0,434.4,160.5,186.0,524.3,0,0,119.0,2019,July,14,Sunday,16
173,14.2,0.8,0.8,236.2,VirtualRide,2524740221,33,3,0,0,False,7.654,12.3,,,119.1,199.0,130.0,356.4,,,103.0,10,1,,2019,July,11,Thursday,20
174,15.0,0.8,0.8,223.1,VirtualRide,2519258459,77,4,0,0,False,7.981,12.0,,,130.5,264.0,140.0,393.6,118.4,119.0,103.0,17,1,10.0,2019,July,9,Tuesday,20
175,8.3,0.6,0.6,685.7,VirtualRide,2506541788,4,5,0,0,False,6.411,20.9,,,127.1,449.0,135.0,263.5,,,435.7,2,1,,2019,July,5,Friday,11
176,11.8,0.8,0.8,780.8,VirtualRide,2499537528,56,3,0,0,False,6.348,20.8,,,131.0,174.0,137.0,393.4,,,510.5,7,1,,2019,July,2,Tuesday,20
177,10.9,1.1,1.1,1404.2,VirtualRide,2493498990,0,6,0,0,False,4.341,22.7,,,113.2,233.0,124.0,456.6,,,2282.8,0,1,,2019,June,30,Sunday,14
178,13.4,0.9,0.9,872.7,VirtualRide,2486117393,55,4,0,0,False,6.531,16.2,,,113.0,175.0,120.0,373.9,125.2,153.0,151.6,27,1,18.0,2019,June,27,Thursday,19
179,12.7,0.8,0.8,380.6,VirtualRide,2480843520,25,4,0,0,False,6.845,15.4,,,115.4,269.0,125.0,345.8,136.1,175.0,112.2,5,1,37.0,2019,June,25,Tuesday,20
180,19.4,1.7,1.8,1312.3,Ride,2475213944,4,7,0,0,False,5.236,14.3,67.1,27.0,131.3,408.0,143.0,783.2,154.9,186.0,318.2,0,0,163.0,2019,June,23,Sunday,11
181,14.2,1.2,1.4,777.6,Ride,2415679470,14,8,1,0,False,5.39,15.1,68.0,19.0,98.6,484.0,120.0,417.8,152.1,191.0,534.8,5,0,118.0,2019,June,1,Saturday,16
182,6.9,0.8,1.0,615.8,Ride,2412837640,0,4,0,0,False,3.746,14.5,,,80.5,,,237.0,115.7,168.0,513.1,0,0,16.0,2019,May,31,Friday,18
183,15.5,1.1,1.3,639.8,Ride,2287624493,2,5,0,0,False,6.394,12.3,,22.0,97.3,,,379.4,150.9,181.0,265.7,0,0,104.0,2019,April,13,Saturday,15
184,31.9,2.6,3.0,1020.3,Ride,2221040135,3,8,0,0,False,5.555,11.6,69.2,5.0,78.1,482.0,100.0,721.9,145.2,186.0,428.5,0,0,184.0,2019,March,17,Sunday,14
185,9.6,1.2,1.4,521.7,Ride,1995413312,1,2,0,0,False,3.659,9.2,56.1,9.0,67.9,612.0,94.0,287.3,,,240.2,0,0,,2018,December,1,Saturday,15
186,21.4,1.5,1.6,800.5,Ride,1970464695,11,3,4,0,False,6.422,11.9,78.4,4.0,112.3,681.0,133.0,600.9,145.6,179.0,358.9,5,0,109.0,2018,November,17,Saturday,14
187,23.2,2.0,2.5,876.0,Ride,1946486969,1,7,4,0,False,5.086,11.6,73.4,9.0,108.2,520.0,126.0,792.6,149.6,182.0,454.1,0,3,185.0,2018,November,4,Sunday,13
188,8.4,0.9,1.0,307.1,Ride,1936195686,0,4,0,0,False,3.963,10.0,,,49.3,,,167.8,98.3,132.0,503.9,0,0,8.0,2018,October,30,Tuesday,13
189,5.0,0.3,0.4,157.5,Ride,1908976476,5,2,0,0,False,6.703,12.5,69.6,16.0,129.9,598.0,146.0,157.1,,,251.3,3,0,,2018,October,16,Tuesday,14
190,5.7,0.5,0.5,301.8,Ride,1908586097,0,5,0,0,False,5.587,11.2,70.7,10.0,139.4,391.0,157.0,230.5,,,252.0,0,0,,2018,October,16,Tuesday,12
191,25.8,2.1,2.6,1292.7,Ride,1905453200,3,9,1,0,False,5.607,11.4,61.3,10.0,87.5,704.0,113.0,647.2,118.2,158.0,508.5,0,1,36.0,2018,October,14,Sunday,15
192,5.2,0.4,0.5,166.3,Ride,1895107943,4,5,0,0,False,5.834,14.1,,,92.9,,,133.8,130.9,152.0,210.0,1,0,13.0,2018,October,9,Tuesday,19
193,5.4,0.4,0.5,297.2,Ride,1894351312,1,3,0,0,False,5.527,17.2,,,104.9,,,165.7,137.6,178.0,223.1,0,0,22.0,2018,October,9,Tuesday,12
194,5.9,0.5,0.5,260.8,Ride,1892892500,4,4,0,0,False,5.82,17.8,,,97.4,,,159.2,130.7,165.0,209.3,1,0,15.0,2018,October,8,Monday,18
195,5.2,0.4,0.4,261.5,Ride,1892274536,3,2,0,0,False,5.624,14.0,,,110.8,,,165.6,144.3,174.0,200.1,1,0,29.0,2018,October,8,Monday,12
196,26.3,1.9,2.1,1007.2,Ride,1888620039,17,5,3,0,False,6.122,10.5,,15.0,97.4,,,674.2,146.9,177.0,285.4,6,1,150.0,2018,October,6,Saturday,16
197,7.5,0.6,0.6,357.3,Ride,1886417631,4,2,0,0,False,5.512,16.5,,,98.2,,,215.0,132.9,168.0,177.2,0,0,28.0,2018,October,5,Friday,16
198,5.3,0.4,0.4,269.7,Ride,1885997448,6,2,0,0,False,5.808,11.8,,,121.7,,,177.7,142.7,174.0,177.2,3,0,26.0,2018,October,5,Friday,12
199,22.1,1.6,1.8,800.5,Ride,1876462520,39,6,0,0,False,6.229,11.2,72.3,20.0,112.3,616.0,137.0,641.3,151.4,182.0,210.0,14,0,153.0,2018,September,30,Sunday,13
0,26.4,1.9,2.2,895.0,Ride,1856868295,14,3,0,0,False,6.271,18.0,,,128.3,,,867.6,140.8,176.0,201.8,4,0,112.0,2018,September,21,Friday,13
1,7.5,0.6,0.6,182.4,Ride,1855059039,3,3,0,0,False,5.803,15.0,,,108.1,,,226.1,121.0,149.0,177.2,0,0,11.0,2018,September,20,Thursday,15
2,15.4,1.1,1.2,736.9,Ride,1853159758,3,4,0,0,False,6.16,14.6,,,129.9,,,521.4,143.6,169.0,167.3,0,0,79.0,2018,September,19,Wednesday,17
3,7.5,0.5,0.6,288.4,Ride,1852603789,5,2,0,0,False,6.308,13.3,,,138.5,,,266.8,137.1,174.0,177.2,0,0,25.0,2018,September,19,Wednesday,13
4,7.7,0.7,1.6,159.1,Ride,1848806044,2,2,0,0,False,4.858,15.8,,,87.3,,,223.7,124.9,154.0,177.2,1,0,28.0,2018,September,17,Monday,18
5,5.3,0.4,0.5,258.5,Ride,1848221370,2,2,0,0,False,5.639,15.5,,,119.1,,,180.8,143.2,176.0,200.1,0,0,29.0,2018,September,17,Monday,13
6,14.5,1.2,1.4,774.9,Ride,1846826491,9,4,0,0,False,5.38,15.0,,,113.3,,,490.7,111.0,164.0,210.0,1,3,24.0,2018,September,16,Sunday,18
7,23.6,1.4,1.4,1013.8,Ride,1823964983,0,5,1,0,False,7.412,13.4,83.1,23.0,135.7,432.0,153.0,695.9,158.6,178.0,613.5,0,1,185.0,2018,September,6,Thursday,12
8,10.2,0.8,0.8,360.9,Ride,1799728044,4,5,0,0,False,5.995,15.1,,,126.5,,,344.9,137.1,182.0,131.9,4,0,36.0,2018,August,26,Sunday,16
9,30.4,2.1,2.4,1624.0,Ride,1763396347,50,5,0,0,False,6.492,14.4,75.5,28.0,117.6,468.0,144.0,886.0,145.0,176.0,516.4,18,0,154.0,2018,August,10,Friday,15
10,12.4,0.9,1.0,168.0,Ride,1761518198,5,2,0,0,False,6.427,13.4,,,119.9,,,371.3,135.3,161.0,177.2,3,0,42.0,2018,August,9,Thursday,17
11,5.6,0.4,0.4,271.7,Ride,1761068333,1,2,0,0,False,6.032,16.9,,,138.1,,,205.6,134.0,182.0,200.1,0,0,18.0,2018,August,9,Thursday,13
12,13.2,1.0,1.0,1555.1,VirtualRide,1759453097,1,3,0,0,False,5.842,20.2,74.9,,136.0,598.0,150.0,493.7,152.5,177.0,1226.4,0,1,99.0,2018,August,8,Wednesday,18
13,18.4,1.0,1.0,367.5,VirtualRide,1754850517,75,4,0,0,False,8.207,13.2,69.1,,127.8,262.0,139.0,461.5,135.3,159.0,65.6,30,1,48.0,2018,August,6,Monday,18
14,42.2,3.1,4.2,1266.4,Ride,1749969217,39,4,0,0,False,6.03,13.4,71.7,25.0,96.4,611.0,123.0,1085.6,137.5,174.0,374.0,19,0,153.0,2018,August,4,Saturday,12
15,8.4,0.6,0.6,222.8,Ride,1745727308,1,5,0,0,False,5.981,11.9,,,99.3,,,223.1,130.6,158.0,177.2,1,0,20.0,2018,August,2,Thursday,16
16,6.9,0.6,0.6,276.6,Ride,1745152949,0,3,0,0,False,5.228,13.7,,,94.2,,,201.2,132.9,168.0,177.2,0,0,26.0,2018,August,2,Thursday,12
17,7.9,0.6,0.6,241.1,Ride,1743485350,1,6,0,0,False,5.891,10.6,,,99.1,,,215.0,124.8,153.0,178.1,1,0,17.0,2018,August,1,Wednesday,17
18,5.4,0.5,0.5,262.1,Ride,1742760129,0,5,0,0,False,4.837,15.0,,,92.8,,,165.7,125.2,158.0,198.5,0,0,14.0,2018,August,1,Wednesday,12
19,20.8,1.4,1.4,1046.6,Ride,1741242965,12,4,0,0,False,6.827,12.7,77.9,21.0,128.7,770.0,161.0,630.2,140.7,173.0,38.7,5,0,82.0,2018,July,31,Tuesday,18
20,5.9,0.5,0.5,243.4,Ride,1738982498,4,4,0,0,False,5.622,13.4,,,98.0,,,166.5,122.0,156.0,209.6,0,0,9.0,2018,July,30,Monday,18
21,5.3,0.4,0.4,265.7,Ride,1737905182,1,3,0,0,False,5.372,10.7,,,120.6,,,189.8,130.5,166.0,200.5,0,0,13.0,2018,July,30,Monday,10
22,40.2,2.8,3.2,2145.7,Ride,1734212611,38,5,0,0,False,6.307,17.7,73.4,27.0,113.5,746.0,142.0,1164.8,148.7,176.0,505.9,12,1,246.0,2018,July,28,Saturday,14
23,6.1,0.5,0.5,267.1,Ride,1732159609,5,3,0,0,False,5.863,14.2,,,121.1,,,203.9,133.2,184.0,209.3,1,0,19.0,2018,July,27,Friday,20
24,5.3,0.5,0.5,266.1,Ride,1731916691,0,3,0,0,False,5.121,11.8,,,103.7,,,174.1,119.1,144.0,201.8,0,0,8.0,2018,July,27,Friday,16
25,16.1,1.0,1.0,633.2,Ride,1730224437,16,4,0,0,False,7.184,12.4,78.9,25.0,141.8,726.0,163.0,512.9,156.4,176.0,238.2,12,0,120.0,2018,July,26,Thursday,19
26,17.0,1.1,1.1,777.6,Ride,1725703861,10,5,0,0,False,6.984,11.8,80.3,24.0,132.0,695.0,157.0,518.7,149.2,175.0,232.9,3,0,95.0,2018,July,24,Tuesday,17
27,50.5,4.2,5.2,2231.0,Ride,1718283954,28,7,0,0,False,5.36,17.5,59.9,22.0,83.9,692.0,117.0,1273.1,127.0,178.0,364.8,2,0,117.0,2018,July,21,Saturday,9
28,31.6,2.2,2.3,869.4,Ride,1716240076,15,6,0,0,False,6.429,13.0,74.8,22.0,113.2,562.0,132.0,894.7,148.5,174.0,16.4,8,0,186.0,2018,July,20,Friday,18
29,17.7,1.2,1.2,685.7,Ride,1712073268,15,6,0,0,False,6.697,12.2,75.5,23.0,119.3,467.0,145.0,507.0,148.8,174.0,216.5,4,0,101.0,2018,July,18,Wednesday,19
30,10.8,1.0,1.1,1030.2,Ride,1703029610,1,7,0,0,False,4.868,13.9,69.0,29.0,113.5,467.0,153.0,404.4,145.0,181.0,414.7,0,0,72.0,2018,July,14,Saturday,18
31,16.8,1.1,1.2,462.6,Ride,1700457347,17,6,0,0,False,6.656,11.0,75.1,27.0,118.1,443.0,133.0,480.9,151.8,172.0,265.7,10,0,109.0,2018,July,13,Friday,15
32,13.0,1.0,1.0,636.5,Ride,1696638447,4,5,1,0,False,5.567,12.4,68.8,24.0,96.0,508.0,125.0,361.8,,,412.1,1,0,,2018,July,11,Wednesday,19
33,21.7,1.7,2.1,853.0,Ride,1690076591,12,7,0,0,False,5.695,11.9,73.4,28.0,72.8,527.0,117.0,447.1,148.1,180.0,115.5,3,0,147.0,2018,July,8,Sunday,15
34,12.8,1.1,1.2,443.6,Ride,1640782944,4,7,0,0,False,4.991,10.9,,,94.0,,,388.1,,,201.1,1,0,,2018,June,15,Friday,16
35,30.1,2.4,2.7,1679.8,Ride,1610698234,18,9,0,0,False,5.51,14.3,61.4,24.0,89.7,593.0,122.0,789.7,144.0,182.0,512.5,6,0,173.0,2018,June,1,Friday,14
36,6.0,0.5,0.5,239.2,Ride,1556654791,7,5,0,0,False,5.683,13.6,74.5,,73.0,511.0,99.0,124.6,,,209.6,1,0,,2018,May,7,Monday,17
37,5.4,0.5,0.5,290.0,Ride,1556215482,0,4,0,0,False,5.297,12.1,,,118.7,,,194.0,138.4,172.0,200.5,0,0,24.0,2018,May,7,Monday,13
38,8.4,0.7,0.7,600.7,Ride,1544092913,10,5,0,0,False,5.517,14.8,,,110.3,,,269.1,125.6,170.0,208.7,3,0,23.0,2018,May,1,Tuesday,17
39,6.4,0.6,0.6,342.8,Ride,1543650736,0,3,0,0,False,4.964,11.2,,,104.6,,,216.2,132.4,168.0,209.6,0,0,19.0,2018,May,1,Tuesday,13
40,44.3,3.4,5.4,902.2,Ride,1537377968,34,4,0,0,False,5.823,11.6,68.2,17.0,101.0,875.0,130.0,1236.7,144.5,175.0,276.2,6,1,237.0,2018,April,28,Saturday,9
41,6.5,0.5,0.5,262.8,Ride,1533860649,2,5,0,0,False,5.506,15.0,,,115.5,,,218.7,120.2,146.0,209.3,0,0,11.0,2018,April,26,Thursday,18
42,5.6,0.5,0.5,294.9,Ride,1533239575,0,5,0,0,False,5.324,12.9,,,111.4,,,189.2,143.1,177.0,200.5,0,0,35.0,2018,April,26,Thursday,12
43,6.3,0.5,0.5,312.7,Ride,1527773657,2,6,0,0,False,5.719,11.5,,,119.7,,,213.5,135.7,163.0,209.6,2,1,22.0,2018,April,23,Monday,18
44,5.3,0.5,0.5,259.2,Ride,1527184668,1,4,0,0,False,5.21,14.7,,,114.4,,,186.7,,,200.5,0,0,,2018,April,23,Monday,12
45,8.0,0.5,0.5,164.0,VirtualRide,1520628620,22,5,0,0,False,7.147,11.8,71.3,,97.1,644.0,104.0,174.7,133.1,160.0,65.6,0,1,18.0,2018,April,20,Friday,13
46,10.1,0.5,0.5,193.6,VirtualRide,1519318582,37,3,0,0,False,8.865,12.7,77.1,,149.5,298.0,153.0,274.8,149.6,167.0,65.6,8,1,45.0,2018,April,19,Thursday,20
47,9.0,0.5,0.5,137.8,VirtualRide,1516593441,27,3,0,0,False,8.525,12.0,76.7,,128.9,568.0,135.0,218.8,139.6,160.0,103.0,13,1,26.0,2018,April,18,Wednesday,14
48,9.6,0.6,0.6,675.9,VirtualRide,1512992622,48,2,0,0,False,6.935,21.8,,,145.2,404.0,155.0,322.9,153.3,178.0,510.5,31,0,67.0,2018,April,16,Monday,20
49,15.9,1.3,1.7,787.4,Ride,1508672856,0,2,0,0,False,5.524,13.1,54.8,21.0,88.8,509.0,128.0,411.1,124.4,169.0,182.4,0,0,35.0,2018,April,14,Saturday,13
50,8.7,0.5,0.5,370.7,VirtualRide,1505180086,47,3,0,0,False,7.427,17.1,69.0,,125.9,224.0,129.0,237.1,150.4,167.0,190.3,1,1,23.0,2018,April,12,Thursday,19
51,8.3,0.5,0.5,341.2,VirtualRide,1503374848,56,5,0,0,False,8.125,18.4,,,154.5,315.0,164.0,253.2,147.6,179.0,190.3,27,1,23.0,2018,April,11,Wednesday,20
52,7.5,0.4,0.4,285.4,VirtualRide,1501489316,28,0,0,0,False,8.282,17.4,,,152.0,524.0,157.0,222.4,154.7,176.0,190.3,2,0,22.0,2018,April,10,Tuesday,20
53,8.0,0.6,0.6,616.8,VirtualRide,1497912107,0,2,0,0,False,6.429,20.4,,,140.6,357.0,152.0,280.3,152.9,173.0,510.5,0,1,62.0,2018,April,8,Sunday,20
54,14.0,1.2,1.2,1558.4,VirtualRide,1491863495,0,2,0,0,False,5.398,17.7,,,125.1,479.0,136.0,523.2,,,1226.4,0,1,,2018,April,5,Thursday,20
55,0.0,0.4,0.4,0.0,Ride,1486436076,0,2,0,0,True,0.0,0.0,78.3,,95.0,345.0,106.0,145.5,,,,0,1,,2018,April,2,Monday,20
56,21.7,1.4,1.5,964.6,Ride,1536636387,11,0,0,0,False,6.82,21.0,74.8,20.0,125.5,644.0,153.0,643.1,144.2,180.0,490.2,9,0,99.0,2017,September,30,Saturday,13
57,37.9,3.0,4.0,1476.4,Ride,1198193526,7,8,0,0,False,5.643,14.4,60.4,31.0,86.3,558.0,116.0,933.1,129.1,176.0,342.5,2,0,99.0,2017,September,23,Saturday,11
58,71.8,4.9,6.6,2972.4,Ride,1187068285,47,9,0,0,False,6.482,19.5,68.0,25.0,106.9,509.0,135.0,1904.5,139.9,185.0,447.5,20,1,291.0,2017,September,16,Saturday,7
59,16.0,1.6,2.0,239.5,Ride,1176328742,13,10,0,0,False,4.44,11.3,,,62.3,,,360.4,115.7,176.0,160.1,9,1,32.0,2017,September,9,Saturday,15
60,20.7,1.4,1.5,1200.8,Ride,1160491828,51,5,0,0,False,6.706,14.6,75.8,22.0,125.2,485.0,146.0,622.0,155.4,183.0,381.9,10,0,154.0,2017,August,30,Wednesday,16
61,22.5,1.8,2.2,282.2,Ride,1155862333,14,6,0,0,False,5.454,19.5,64.0,19.0,101.3,436.0,112.0,670.9,,,260.5,6,6,,2017,August,27,Sunday,19
62,29.4,2.0,2.8,1706.0,Ride,1153202188,29,9,0,0,False,6.437,17.0,67.3,20.0,121.7,463.0,155.0,893.5,141.4,175.0,821.5,11,0,132.0,2017,August,26,Saturday,8
63,29.4,2.2,3.4,1279.5,Ride,1143708590,18,5,0,0,False,6.057,17.8,62.5,27.0,99.9,662.0,137.0,780.1,130.8,174.0,741.5,0,2,82.0,2017,August,20,Sunday,10
64,8.2,0.7,0.7,170.6,Ride,1141990326,0,4,0,0,False,5.621,15.9,,,85.0,,,200.4,134.5,162.0,-683.1,0,0,24.0,2017,August,19,Saturday,17
65,8.1,0.6,0.6,52.5,Ride,1141990153,0,1,0,0,False,6.049,10.7,,,70.9,,,153.6,125.7,149.0,172.6,0,0,13.0,2017,August,19,Saturday,8
66,18.5,1.6,1.9,288.7,Ride,1134021825,10,4,0,0,False,5.081,11.3,,,63.8,,,373.8,133.6,169.0,181.1,2,0,67.0,2017,August,14,Monday,18
67,21.0,1.4,1.5,1148.3,Ride,1132389388,15,7,0,0,False,6.789,14.5,71.5,25.0,128.0,437.0,150.0,638.2,148.5,178.0,631.2,2,1,119.0,2017,August,13,Sunday,16
68,13.7,0.9,0.9,311.7,Ride,1128887825,22,5,0,0,False,6.913,12.5,71.7,22.0,130.4,510.0,155.0,416.4,151.3,183.0,119.4,9,0,88.0,2017,August,11,Friday,19
69,41.4,2.8,4.1,2493.4,Ride,1118870254,52,8,0,0,False,6.7,17.0,71.0,24.0,125.1,486.0,154.0,1243.8,151.2,183.0,750.7,25,3,272.0,2017,August,5,Saturday,10
70,19.1,1.9,3.6,200.1,Ride,1113065135,0,8,0,0,False,4.424,9.8,45.0,28.0,37.8,440.0,89.0,263.1,,,284.1,0,1,,2017,August,1,Tuesday,17
71,23.0,1.6,1.6,387.1,Ride,1111318168,17,6,0,0,False,6.627,11.4,68.1,25.0,115.4,597.0,139.0,644.5,,,320.9,6,2,,2017,July,31,Monday,19
72,6.5,0.9,1.1,68.9,Ride,1096895726,2,8,0,0,False,3.156,6.9,,,25.7,,,84.8,109.0,133.0,94.5,0,5,10.0,2017,July,22,Saturday,20
73,15.2,1.4,1.6,255.9,Ride,1096895624,13,4,0,0,False,4.828,12.1,,,54.5,,,275.2,125.2,165.0,181.1,2,0,33.0,2017,July,22,Saturday,16
74,1.2,0.1,0.2,23.0,Ride,1096895441,0,2,0,0,False,3.927,8.9,,,51.3,,,25.1,114.6,129.0,167.3,0,0,1.0,2017,July,22,Saturday,15
75,30.2,2.1,3.3,1679.8,Ride,1085074951,30,8,3,0,False,6.365,17.2,65.0,27.0,113.3,515.0,146.0,865.8,145.1,183.0,810.4,15,0,156.0,2017,July,15,Saturday,11
76,51.6,4.0,4.8,1072.8,Ride,1073929164,71,5,0,0,False,5.796,10.1,64.7,30.0,90.0,468.0,112.0,1288.7,143.7,186.0,265.7,24,1,265.0,2017,July,8,Saturday,9
77,41.1,3.2,4.3,2349.1,Ride,1064497189,23,9,0,0,False,5.834,16.8,64.2,31.0,94.6,556.0,127.0,1073.1,151.5,187.0,288.7,4,1,287.0,2017,July,2,Sunday,9
78,34.7,2.9,4.8,2083.3,Ride,1052570683,1,10,1,0,False,5.395,14.7,59.5,31.0,80.7,660.0,116.0,835.1,,,498.7,0,5,,2017,June,24,Saturday,12
79,22.7,2.2,2.9,114.8,Ride,1019246184,3,12,0,0,False,4.602,9.0,,,40.4,,,321.1,109.7,163.0,88.6,0,1,33.0,2017,June,3,Saturday,8
80,7.9,1.0,1.6,367.5,Ride,945259127,4,9,0,0,False,3.539,9.1,41.6,29.0,10.2,309.0,46.0,36.8,,,246.1,2,0,,2017,April,16,Sunday,14
81,11.3,0.6,0.6,0.0,Ride,826933533,0,1,0,0,True,8.648,13.8,,,114.7,281.0,132.0,240.8,144.1,175.0,,0,0,39.0,2017,January,9,Monday,20
82,0.0,0.5,0.5,0.0,Ride,825714445,0,3,0,0,True,0.0,0.0,81.1,,91.8,520.0,109.0,165.6,147.4,182.0,,0,0,41.0,2017,January,8,Sunday,14
83,15.5,1.2,1.2,0.0,Ride,824677724,0,2,0,0,True,5.554,10.3,60.0,,83.6,100.0,84.0,376.4,139.4,158.0,,0,0,36.0,2017,January,7,Saturday,20
84,15.9,1.0,1.0,0.0,Ride,821554217,0,4,0,0,True,7.127,16.5,,,95.4,328.0,115.0,343.5,137.4,177.0,,0,0,53.0,2017,January,4,Wednesday,19
85,36.1,3.8,5.3,1095.8,Ride,753961845,3,11,0,0,False,4.264,12.6,41.7,16.0,38.2,476.0,69.0,520.6,106.3,162.0,180.4,1,0,60.0,2016,October,23,Sunday,9
86,3.2,0.3,1.2,105.0,Ride,732678966,2,5,0,0,False,4.966,9.8,,,68.4,,,70.0,110.1,132.0,539.4,0,0,4.0,2016,October,2,Sunday,20
87,1.5,0.2,0.2,68.9,Ride,731192135,0,3,0,0,False,4.205,6.8,,,67.0,,,38.5,130.1,151.0,219.2,0,0,4.0,2016,October,1,Saturday,15
88,1.6,0.1,0.2,0.0,Ride,731141753,0,2,0,0,False,4.832,8.7,,,39.0,,,20.6,114.3,129.0,429.1,0,0,1.0,2016,October,1,Saturday,14
89,72.0,5.9,7.5,2650.9,Ride,723706790,34,7,0,0,False,5.442,17.9,57.8,18.0,62.4,939.0,106.0,1327.2,119.9,188.0,431.1,4,19,134.0,2016,September,24,Saturday,8
90,1.2,0.1,0.1,0.0,Ride,723652912,0,1,0,0,False,4.935,9.6,,,62.6,,,24.3,,,166.7,0,0,,2016,September,24,Saturday,8
91,28.7,1.8,2.0,1279.5,Ride,715582267,34,8,0,0,False,6.98,16.3,78.2,22.0,123.8,526.0,152.0,818.1,158.9,182.0,560.4,9,0,128.0,2016,September,17,Saturday,10
92,10.9,1.0,2.1,253.6,Ride,709022020,0,4,0,0,False,4.898,11.7,,,68.6,,,245.5,147.8,172.0,167.3,0,0,140.0,2016,September,11,Sunday,14
93,25.2,2.6,3.7,391.4,Ride,708773308,26,7,0,0,False,4.272,10.5,,,43.9,,,416.9,109.8,148.0,165.0,2,0,45.0,2016,September,11,Sunday,9
94,28.7,1.9,2.5,1223.8,Ride,707448548,27,6,0,0,False,6.817,15.5,77.5,28.0,112.2,393.0,145.0,759.7,155.6,183.0,587.9,1,0,125.0,2016,September,10,Saturday,11
95,52.8,3.8,5.0,2129.3,Ride,691096260,23,8,0,0,False,6.166,16.0,70.5,27.0,94.0,454.0,129.0,1296.7,148.2,183.0,542.7,4,1,309.0,2016,August,27,Saturday,9
96,19.4,1.9,4.6,482.3,Ride,674916889,10,7,0,0,False,4.452,9.7,,,52.7,,,368.8,124.9,176.0,282.2,3,2,54.0,2016,August,13,Saturday,11
97,9.6,1.0,1.0,216.5,Ride,674916212,2,5,0,0,False,4.335,10.1,,,42.1,,,150.1,116.3,157.0,282.2,0,0,16.0,2016,August,13,Saturday,9
98,22.2,1.7,1.8,423.2,Ride,662586658,7,5,0,0,False,5.818,16.7,61.4,21.0,79.5,680.0,103.0,487.6,107.2,167.0,204.1,1,0,22.0,2016,August,2,Tuesday,18
99,27.1,2.4,3.1,2106.3,Ride,658653021,30,5,0,0,False,4.997,15.7,55.5,23.0,79.0,607.0,127.0,690.0,123.9,182.0,473.8,4,0,69.0,2016,July,30,Saturday,9
100,22.9,1.8,3.7,357.6,Ride,644634252,1,5,0,0,False,5.618,10.2,,30.0,72.5,,,476.2,,,3891.1,0,0,,2016,July,17,Sunday,17
101,37.1,3.3,4.2,2424.5,Ride,642886691,50,7,0,0,False,5.034,15.2,52.1,27.0,69.0,540.0,117.0,819.5,121.1,179.0,544.0,17,0,78.0,2016,July,16,Saturday,8
102,24.1,1.9,2.1,475.7,Ride,641275215,10,4,0,0,False,5.725,10.5,61.5,24.0,71.8,795.0,105.0,487.1,110.3,168.0,209.3,1,0,32.0,2016,July,14,Thursday,18
103,18.1,1.5,1.7,1066.3,Ride,639075928,26,5,0,0,False,5.39,10.9,64.6,22.0,93.0,501.0,148.0,502.7,126.7,175.0,198.8,14,0,56.0,2016,July,12,Tuesday,18
104,24.2,1.7,1.7,518.4,Ride,636986332,18,5,0,0,False,6.553,11.4,71.8,23.0,113.0,562.0,130.0,672.4,136.2,168.0,209.3,10,0,75.0,2016,July,10,Sunday,17
105,29.2,1.8,1.9,1227.0,Ride,635483423,46,7,1,0,False,7.393,17.0,77.2,18.0,143.9,460.0,159.0,913.0,159.3,178.0,535.4,13,0,124.0,2016,July,9,Saturday,12
106,14.5,0.9,3.1,419.9,Ride,631538196,12,3,0,0,False,6.952,10.6,68.6,26.0,138.3,479.0,152.0,463.3,145.7,168.0,288.1,1,0,69.0,2016,July,5,Tuesday,18
107,40.6,2.4,2.8,1994.8,Ride,629096212,73,6,0,0,False,7.442,17.3,80.2,25.0,142.0,447.0,165.0,1248.2,157.8,182.0,559.7,41,0,293.0,2016,July,3,Sunday,12
108,25.0,2.1,2.4,1033.5,Ride,627837259,1,4,0,0,False,5.281,11.4,50.8,23.0,53.3,629.0,79.0,405.8,101.6,153.0,549.2,0,0,24.0,2016,July,2,Saturday,12
109,40.8,3.2,3.7,2060.4,Ride,621674670,8,6,0,0,False,5.644,16.2,56.7,25.0,73.3,590.0,129.0,853.3,120.6,176.0,593.2,2,0,74.0,2016,June,26,Sunday,8
110,28.1,1.8,3.4,698.8,Ride,620885793,23,4,0,0,False,6.807,11.5,75.7,22.0,131.6,475.0,147.0,874.6,148.8,171.0,246.1,11,0,145.0,2016,June,25,Saturday,17
111,25.2,2.0,2.3,472.4,Ride,616735448,8,5,0,0,False,5.735,9.3,66.7,23.0,71.8,497.0,83.0,508.7,107.7,159.0,172.6,1,0,25.0,2016,June,21,Tuesday,18
112,28.7,1.8,1.9,1236.9,Ride,613374565,23,9,0,0,False,7.174,15.2,83.2,30.0,122.4,448.0,139.0,789.4,160.0,177.0,537.4,2,0,234.0,2016,June,18,Saturday,14
113,23.4,1.8,1.9,315.9,Ride,612307448,2,5,1,0,False,5.705,15.6,,,95.7,,,630.3,,,168.3,0,1,,2016,June,17,Friday,15
114,18.7,1.2,1.2,742.8,Ride,610558375,66,8,0,0,False,6.885,12.3,79.0,23.0,133.7,666.0,158.0,585.5,153.4,181.0,168.3,44,0,133.0,2016,June,15,Wednesday,18
115,31.2,2.3,5.9,1824.1,Ride,606220881,25,10,1,0,False,6.107,17.1,72.2,23.0,104.6,521.0,134.0,861.0,138.6,172.0,634.5,14,0,82.0,2016,June,11,Saturday,9
116,88.0,6.4,8.0,5670.3,Ride,605209455,28,10,2,0,False,6.114,18.3,74.0,21.0,113.4,424.0,137.0,2624.5,145.6,177.0,1288.7,5,9,270.0,2016,June,10,Friday,9
117,22.3,2.0,3.3,1043.3,Ride,604409634,6,5,0,0,False,4.897,11.2,53.7,18.0,64.4,674.0,86.0,473.1,104.8,148.0,225.7,1,0,31.0,2016,June,9,Thursday,17
118,20.0,1.8,3.8,892.4,Ride,602247966,10,6,0,0,False,4.944,11.2,57.1,21.0,61.9,605.0,89.0,403.1,105.5,149.0,350.4,1,0,41.0,2016,June,7,Tuesday,17
119,22.3,1.4,2.1,396.0,Ride,601056992,30,6,0,0,False,6.997,11.9,76.8,23.0,131.0,644.0,144.0,670.3,145.3,178.0,170.3,16,0,95.0,2016,June,6,Monday,18
120,30.2,2.6,2.9,2081.0,Ride,598542248,37,8,0,0,False,5.168,13.6,65.5,26.0,80.6,611.0,130.0,758.2,128.1,180.0,495.4,20,0,85.0,2016,June,4,Saturday,12
121,22.7,1.7,1.9,800.5,Ride,596662175,15,6,0,0,False,5.825,12.2,67.9,18.0,96.1,489.0,129.0,602.9,121.5,173.0,175.9,3,0,43.0,2016,June,2,Thursday,18
122,5.9,0.4,0.5,148.3,Ride,595717827,1,5,0,0,False,5.94,16.5,,,108.1,,,171.8,,,176.5,1,0,,2016,June,1,Wednesday,22
123,20.2,1.7,2.6,680.4,Ride,594597361,6,3,0,0,False,5.42,11.0,59.3,22.0,78.8,560.0,123.0,471.2,111.5,174.0,175.9,0,0,44.0,2016,May,31,Tuesday,18
124,21.8,1.9,4.0,643.4,Ride,592500633,29,6,0,0,False,5.236,14.5,65.3,25.0,74.0,881.0,106.0,495.2,116.9,167.0,168.0,4,0,45.0,2016,May,29,Sunday,14
125,21.3,1.5,1.5,360.9,Ride,591301857,11,5,1,0,False,6.548,11.1,78.6,23.0,102.9,515.0,120.0,538.5,137.1,174.0,169.0,3,0,71.0,2016,May,28,Saturday,18
126,13.5,1.3,1.8,158.5,Ride,590274986,2,4,0,0,False,4.611,12.8,,28.0,51.1,,,239.8,,,158.5,1,0,,2016,May,27,Friday,17
127,2.4,0.2,0.4,118.1,Ride,589285461,0,0,0,0,False,5.146,10.5,75.4,25.0,88.5,400.0,109.0,65.5,130.9,160.0,202.1,0,0,8.0,2016,May,26,Thursday,20
128,20.8,1.4,1.7,225.7,Ride,589285557,12,6,0,0,False,6.662,10.9,80.9,26.0,114.8,601.0,129.0,575.7,141.6,176.0,168.0,3,0,87.0,2016,May,26,Thursday,18
129,103.4,7.6,9.6,435.7,Ride,583664422,56,10,4,0,False,6.112,10.8,76.0,13.0,112.3,669.0,121.0,3058.5,141.7,179.0,165.0,20,1,273.0,2016,May,21,Saturday,4
130,18.8,1.4,2.5,341.9,Ride,581690320,6,2,0,0,False,5.832,17.4,,,111.6,,,580.3,,,175.9,2,0,,2016,May,19,Thursday,16
131,9.7,0.7,6.4,486.5,Ride,577545013,7,1,0,0,False,5.841,18.9,,,121.2,,,323.4,,,210.6,1,0,,2016,May,15,Sunday,16
132,31.5,2.9,4.3,2402.2,Ride,576031684,36,9,0,0,False,4.804,16.9,54.4,20.0,68.7,521.0,120.0,724.6,120.5,177.0,545.9,16,0,74.0,2016,May,14,Saturday,10
133,21.5,1.5,1.7,497.0,Ride,574216107,7,6,0,0,False,6.318,16.0,,,119.0,,,650.4,,,169.6,2,0,,2016,May,12,Thursday,18
134,20.9,1.7,2.2,695.2,Ride,573161955,17,6,0,0,False,5.656,11.0,62.7,18.0,83.9,698.0,129.0,498.9,116.7,176.0,211.6,8,0,36.0,2016,May,11,Wednesday,17
135,21.1,1.7,1.9,763.1,Ride,571072622,49,7,0,0,False,5.662,11.4,58.5,17.0,89.6,718.0,132.0,537.0,114.6,177.0,168.0,7,0,39.0,2016,May,9,Monday,17
136,11.7,1.1,1.2,376.3,Ride,552923778,1,6,0,0,False,4.945,9.3,58.5,18.0,65.7,502.0,96.0,249.6,108.9,158.0,168.0,0,0,17.0,2016,April,21,Thursday,18
137,13.2,0.9,1.0,474.7,Ride,551870633,65,6,0,0,False,6.905,12.2,76.7,14.0,145.1,506.0,163.0,444.9,151.9,179.0,167.7,37,0,84.0,2016,April,20,Wednesday,18
138,18.6,1.3,1.7,614.5,Ride,549708567,57,6,0,0,False,6.498,13.3,74.7,18.0,123.5,573.0,146.0,570.2,146.1,183.0,168.0,11,1,59.0,2016,April,18,Monday,18
139,23.7,2.0,2.6,488.5,Ride,547125845,7,8,0,0,False,5.386,10.5,63.5,13.0,71.4,663.0,103.0,505.2,122.3,168.0,252.3,0,1,47.0,2016,April,16,Saturday,9
140,26.2,1.9,2.1,437.7,Ride,546466630,16,6,0,0,False,6.198,12.7,76.3,12.0,109.7,612.0,131.0,745.8,142.8,180.0,214.6,9,0,127.0,2016,April,15,Friday,17
141,15.4,1.1,4.7,299.5,Ride,541909189,14,6,0,0,False,6.03,12.2,76.0,7.0,116.4,541.0,137.0,478.8,147.3,182.0,168.0,6,0,53.0,2016,April,10,Sunday,17
142,2.3,0.2,6.0,40.4,Ride,535053885,0,3,0,0,False,5.11,8.5,,,77.3,,,56.5,,,166.0,0,0,,2016,April,3,Sunday,10
143,9.1,0.9,1.8,299.5,Ride,533943283,0,4,0,0,False,4.509,8.5,,,74.8,,,243.2,,,184.4,0,0,,2016,April,2,Saturday,16
144,16.2,1.2,4.3,295.3,Ride,527698724,0,4,0,0,False,6.246,10.0,71.1,9.0,121.3,521.0,138.0,506.9,,,196.9,0,0,,2016,March,26,Saturday,15
145,12.4,1.0,1.3,245.4,Ride,525041236,0,5,0,0,False,5.372,10.1,60.7,16.0,68.5,382.0,96.0,255.0,114.7,169.0,169.0,0,0,19.0,2016,March,23,Wednesday,18
146,3.6,0.3,3.6,89.2,Ride,522554702,0,2,0,0,False,4.971,10.3,,,91.2,,,105.9,,,167.7,0,0,,2016,March,20,Sunday,15
147,2.3,0.2,3.3,40.0,Ride,521380397,0,4,0,0,False,4.77,8.0,,,69.7,,,53.2,,,167.0,0,0,,2016,March,19,Saturday,14
148,19.2,1.2,1.2,421.6,Ride,453577381,18,1,0,0,False,7.107,12.4,75.2,3.0,148.5,425.0,162.0,646.7,159.1,177.0,215.6,10,0,79.0,2015,December,20,Sunday,12
149,21.0,1.4,1.4,330.1,Ride,449702682,7,1,0,0,False,6.846,11.4,75.2,14.0,131.7,471.0,146.0,651.6,156.9,180.0,169.3,4,0,174.0,2015,December,13,Sunday,13
150,20.5,1.4,1.4,245.4,Ride,444968158,2,2,0,0,False,6.684,12.1,70.3,7.0,58.2,552.0,84.0,287.7,,,170.3,0,0,,2015,December,5,Saturday,12
151,22.6,1.5,1.8,383.5,Ride,423764403,15,5,0,0,False,6.58,11.2,74.0,7.0,80.8,562.0,109.0,447.0,134.8,172.0,213.6,4,1,45.0,2015,October,31,Saturday,10
152,11.5,0.8,0.8,324.1,Ride,423238142,1,3,0,0,False,6.277,17.8,,,125.9,,,371.8,,,168.3,0,0,,2015,October,30,Friday,16
153,20.2,1.6,1.6,315.0,Ride,421614236,3,2,0,0,False,5.684,11.7,60.4,10.0,34.9,455.0,50.0,199.6,,,188.3,2,0,,2015,October,27,Tuesday,17
154,30.4,2.9,3.3,1710.0,Ride,420394351,3,5,0,0,False,4.725,14.1,51.1,14.0,0.3,215.0,10.0,3.5,106.6,150.0,545.6,0,1,38.0,2015,October,25,Sunday,14
155,11.0,0.8,1.1,416.3,Ride,419536528,6,3,0,0,False,6.064,10.6,68.3,9.0,72.2,478.0,103.0,211.7,141.2,165.0,211.9,2,0,49.0,2015,October,24,Saturday,16
156,27.9,1.6,1.7,1086.9,Ride,419536607,39,4,0,0,False,7.617,16.9,71.6,9.0,88.3,595.0,127.0,519.9,165.2,182.0,545.6,13,0,132.0,2015,October,24,Saturday,15
157,14.9,1.3,1.4,353.0,Ride,417761709,0,4,0,0,False,5.095,19.0,,,95.5,,,449.4,,,166.3,0,1,,2015,October,21,Wednesday,18
158,11.7,1.1,1.2,251.6,Ride,417103335,0,2,0,0,False,4.72,14.2,,,85.6,,,341.5,,,175.9,0,0,,2015,October,20,Tuesday,18
159,22.1,1.5,1.6,345.5,Ride,415872931,5,3,0,0,False,6.387,16.6,,,120.9,,,673.8,,,170.6,0,1,,2015,October,18,Sunday,17
160,33.9,2.1,2.7,1413.7,Ride,414928382,49,5,0,0,False,7.208,16.9,74.9,10.0,89.0,525.0,122.0,674.0,158.2,183.0,545.9,12,1,243.0,2015,October,17,Saturday,12
161,10.4,0.9,0.9,434.1,Ride,413811229,15,4,0,0,False,5.427,14.1,,,120.4,,,372.8,,,251.3,6,0,,2015,October,15,Thursday,18
162,11.3,0.9,1.0,274.6,Ride,412502556,0,5,0,0,False,5.658,17.0,,,123.0,,,395.0,,,169.9,0,0,,2015,October,13,Tuesday,17
163,73.3,5.1,7.6,3638.1,Ride,411171393,60,7,0,0,False,6.438,17.8,71.3,15.0,70.9,559.0,104.0,1299.1,137.6,186.0,545.6,13,1,181.0,2015,October,11,Sunday,8
164,55.3,3.9,4.5,1626.6,Ride,406405893,18,7,0,0,False,6.397,16.7,70.6,13.0,103.3,606.0,128.0,1438.6,144.7,179.0,545.6,8,0,275.0,2015,October,4,Sunday,10
165,13.3,0.9,1.0,538.1,Ride,403772400,10,1,2,0,False,6.367,11.2,75.7,16.0,124.9,456.0,153.0,420.3,,,210.0,7,0,,2015,September,30,Wednesday,18
166,10.6,1.1,1.2,614.5,Ride,402402869,9,5,0,0,False,4.264,8.8,55.4,20.0,53.8,471.0,103.0,215.3,,,214.2,1,1,,2015,September,28,Monday,18
167,10.6,1.0,1.0,455.4,Ride,401608770,1,6,0,0,False,4.927,16.1,,,108.9,,,377.5,,,214.2,0,0,,2015,September,27,Sunday,13
168,107.7,7.4,9.7,5001.0,Ride,400809905,34,9,0,0,False,6.491,16.1,70.3,16.0,102.6,721.0,132.0,2738.3,142.0,184.0,610.6,22,1,279.0,2015,September,26,Saturday,6
169,33.1,2.3,2.9,2170.3,Ride,396570235,30,6,0,0,False,6.411,17.9,68.3,21.0,111.3,592.0,147.0,924.2,147.7,181.0,545.9,9,0,186.0,2015,September,20,Sunday,12
170,6.8,0.7,1.0,508.2,Ride,392425457,1,3,3,0,False,4.391,8.5,57.5,,12.7,340.0,36.0,31.6,,,168.3,0,1,,2015,September,14,Monday,18
171,107.6,8.3,10.9,2176.2,Ride,391756621,81,11,0,0,False,5.798,12.9,67.1,21.0,69.3,1121.0,102.0,2068.6,127.2,179.0,219.8,38,1,213.0,2015,September,13,Sunday,6
172,67.6,6.1,9.8,887.8,Ride,386593826,63,10,0,0,False,4.978,11.8,,18.0,63.1,,,1379.0,,,168.3,20,2,,2015,September,6,Sunday,8
173,29.1,2.3,3.4,1102.4,Ride,385573307,9,7,0,0,False,5.643,15.7,56.5,25.0,83.1,379.0,113.0,690.0,119.7,215.0,545.6,5,0,55.0,2015,September,5,Saturday,10
174,22.4,1.4,1.4,358.6,Ride,384362396,37,6,0,0,False,6.928,12.8,75.9,26.0,123.0,460.0,140.0,640.0,152.9,176.0,214.6,17,0,152.0,2015,September,3,Thursday,18
175,12.0,1.1,1.3,263.5,Ride,382878731,0,5,0,0,False,5.034,12.8,55.3,25.0,60.6,647.0,95.0,231.8,,,168.6,0,1,,2015,September,1,Tuesday,18
176,10.0,1.1,1.1,185.0,Ride,382123189,0,4,0,0,False,4.041,11.1,,,63.8,,,253.6,,,165.4,0,1,,2015,August,31,Monday,18
177,66.5,4.6,6.5,2722.4,Ride,380323097,38,10,2,0,False,6.49,18.3,71.9,24.0,98.1,565.0,128.0,1618.4,138.7,182.0,545.6,10,2,240.0,2015,August,29,Saturday,8
178,23.2,1.5,1.5,287.1,Ride,379647147,16,6,0,0,False,6.895,12.4,79.9,22.0,113.7,479.0,125.0,615.1,141.8,166.0,170.3,4,0,96.0,2015,August,28,Friday,17
179,10.4,0.7,0.9,224.4,Ride,378946732,15,5,0,0,False,6.695,10.7,71.0,21.0,130.0,568.0,148.0,325.2,145.0,175.0,169.6,3,0,32.0,2015,August,27,Thursday,18
180,8.5,0.7,0.7,39.0,Ride,378920543,0,3,0,0,False,5.832,11.3,67.4,23.0,51.3,331.0,61.0,120.6,104.4,162.0,167.7,0,0,7.0,2015,August,27,Thursday,17
181,21.1,1.6,1.7,268.0,Ride,378263892,3,4,0,0,False,5.893,11.3,60.7,24.0,74.3,375.0,90.0,427.3,,,176.5,0,0,,2015,August,26,Wednesday,17
182,22.1,1.6,1.6,352.7,Ride,375931526,8,6,0,0,False,6.171,10.3,76.9,26.0,79.7,482.0,96.0,460.2,141.6,175.0,216.2,2,0,96.0,2015,August,23,Sunday,12
183,54.7,4.2,6.5,868.4,Ride,375099098,82,3,0,0,False,5.861,13.4,77.4,26.0,85.7,,,1288.8,129.7,182.0,170.3,8,2,187.0,2015,August,22,Saturday,8
184,21.4,1.7,1.7,309.1,Ride,367722298,2,5,0,0,False,5.608,10.6,68.1,23.0,72.8,374.0,94.0,446.3,112.8,168.0,172.9,0,0,32.0,2015,August,12,Wednesday,18
185,5.1,1.0,3.1,107.0,Ride,363681954,0,5,0,0,False,2.367,9.0,,,28.0,,,96.4,,,139.1,0,0,,2015,August,7,Friday,13
186,20.7,1.6,1.9,262.8,Ride,356965559,1,7,2,0,False,5.602,9.0,68.8,28.0,58.9,380.0,84.0,349.8,102.1,158.0,169.6,0,0,23.0,2015,July,29,Wednesday,17
187,20.6,1.4,1.5,300.5,Ride,355517537,6,5,0,0,False,6.452,10.3,75.8,24.0,94.5,365.0,106.0,484.5,127.2,153.0,168.3,0,0,33.0,2015,July,27,Monday,18
188,20.6,1.4,1.5,316.3,Ride,354894754,24,7,1,0,False,6.616,11.9,73.6,26.0,114.8,549.0,137.0,576.4,141.6,176.0,177.2,5,0,49.0,2015,July,26,Sunday,17
189,6.0,2.0,2.0,0.0,Run,353979860,0,0,0,0,False,1.341,0.0,,,,,,,,,,0,0,,2015,July,25,Saturday,14
190,11.8,0.8,0.9,294.9,Ride,353741266,1,3,0,0,False,6.319,15.4,,,131.2,,,395.9,,,214.2,0,0,,2015,July,25,Saturday,10
191,23.1,1.9,2.0,254.9,Ride,353351945,0,3,0,0,False,5.446,9.3,64.7,24.0,69.4,370.0,82.0,473.3,108.8,157.0,169.6,0,0,31.0,2015,July,24,Friday,17
192,20.9,2.0,2.2,414.7,Ride,352746171,7,5,0,0,False,4.734,9.5,54.5,23.0,51.6,381.0,78.0,366.0,97.7,151.0,168.3,1,0,25.0,2015,July,23,Thursday,18
193,20.5,1.3,1.4,369.8,Ride,352012060,28,6,0,0,False,6.94,11.4,74.7,23.0,129.2,413.0,141.0,613.6,149.5,169.0,170.3,11,0,55.0,2015,July,22,Wednesday,19
194,14.1,1.4,1.8,377.3,Ride,350523084,1,7,0,0,False,4.675,11.6,52.6,28.0,51.7,333.0,78.0,251.5,102.4,154.0,176.2,0,0,20.0,2015,July,20,Monday,18
195,26.1,2.6,3.6,522.3,Ride,349792835,18,3,0,0,False,4.463,10.4,50.8,34.0,40.9,362.0,64.0,385.5,107.5,160.0,171.9,4,0,43.0,2015,July,19,Sunday,12
196,3.1,0.3,0.3,119.4,Ride,349044818,0,3,0,0,False,5.248,11.4,,,119.6,,,114.8,,,168.6,0,0,,2015,July,18,Saturday,20
197,10.1,0.6,0.7,648.6,Ride,349053418,0,3,0,0,False,7.234,14.6,67.8,23.0,136.6,460.0,157.0,308.3,,,623.0,0,0,,2015,July,18,Saturday,18
198,11.1,0.8,0.8,909.8,Ride,349053416,0,3,0,0,False,6.246,15.1,66.7,25.0,123.6,443.0,150.0,354.3,,,627.3,0,0,,2015,July,18,Saturday,13
199,3.2,0.2,0.3,0.0,Ride,349013337,0,3,0,0,False,6.015,10.4,,,72.7,,,62.4,,,165.4,0,0,,2015,July,18,Saturday,11
0,40.8,2.7,3.4,2065.6,Ride,339859638,46,4,0,0,False,6.645,19.2,71.5,26.0,112.9,494.0,142.0,1115.5,151.8,178.0,545.6,19,0,121.0,2015,July,5,Sunday,11
1,21.5,1.5,1.5,234.3,Ride,339192274,21,3,0,0,False,6.445,10.8,69.0,23.0,115.3,755.0,134.0,617.6,142.4,176.0,178.8,8,0,47.0,2015,July,4,Saturday,16
2,13.4,1.0,1.0,182.4,Ride,338325373,2,3,0,0,False,6.15,14.0,,,124.9,,,437.4,,,171.9,0,0,,2015,July,3,Friday,12
3,30.1,2.0,2.1,699.1,Ride,334195100,93,6,0,0,False,6.704,12.2,73.8,18.0,111.9,597.0,140.0,808.4,142.7,177.0,214.2,63,0,66.0,2015,June,27,Saturday,11
4,20.3,1.3,1.3,310.7,Ride,333068314,41,8,0,0,False,7.114,10.4,78.8,22.0,131.3,556.0,142.0,603.0,150.0,170.0,170.3,21,0,47.0,2015,June,25,Thursday,18
5,20.5,1.6,1.7,259.2,Ride,330288372,5,5,2,0,False,5.915,9.3,65.0,29.0,79.6,1042.0,95.0,444.4,132.3,168.0,241.5,2,0,39.0,2015,June,21,Sunday,14
6,30.0,2.2,3.8,1208.3,Ride,324692867,27,7,0,0,False,6.203,16.9,66.8,28.0,86.8,464.0,112.0,676.6,136.4,171.0,545.9,5,0,63.0,2015,June,13,Saturday,10
7,25.2,2.3,3.7,351.4,Ride,320631639,11,5,0,0,False,4.975,12.0,52.2,23.0,54.1,749.0,102.0,441.4,113.1,235.0,169.3,4,1,41.0,2015,June,7,Sunday,12
8,32.5,2.9,4.5,1244.1,Ride,319760343,11,5,0,0,False,5.068,15.3,50.9,20.0,59.1,547.0,105.0,609.6,117.2,171.0,545.9,6,0,56.0,2015,June,6,Saturday,10
9,22.2,1.8,3.5,252.3,Ride,315136089,18,5,0,0,False,5.471,14.1,,,95.0,,,620.4,,,167.7,4,0,,2015,May,30,Saturday,16
10,28.8,2.7,3.5,1131.9,Ride,311780965,1,7,0,0,False,4.719,19.0,54.3,28.0,51.8,427.0,89.0,509.9,119.4,165.0,545.6,0,1,54.0,2015,May,25,Monday,12
11,9.7,0.7,0.9,239.2,Ride,311068191,10,3,0,0,False,5.864,10.3,,28.0,91.6,,,244.0,,,168.0,2,0,,2015,May,24,Sunday,15
12,18.2,1.6,2.0,112.9,Ride,311048456,2,4,0,0,False,5.198,10.3,,27.0,66.4,,,374.6,,,169.9,1,0,,2015,May,24,Sunday,12
13,29.0,2.0,2.8,1160.8,Ride,310300776,20,4,0,0,False,6.507,15.8,72.0,20.0,101.6,438.0,117.0,727.9,,,545.9,2,0,,2015,May,23,Saturday,13
14,160.2,10.8,13.2,861.9,Ride,305910217,16,11,1,0,False,6.605,12.2,76.8,13.0,88.3,2131.0,101.0,3447.3,140.3,172.0,181.8,14,1,313.0,2015,May,16,Saturday,5
15,33.4,3.0,5.6,520.3,Ride,302132709,3,8,0,0,False,4.943,18.9,,32.0,60.1,,,653.6,,,166.7,1,1,,2015,May,10,Sunday,13
16,28.6,1.9,2.1,1167.7,Ride,301208075,16,11,0,0,False,6.608,18.8,72.3,17.0,112.0,439.0,130.0,780.7,160.3,183.0,545.9,0,0,112.0,2015,May,9,Saturday,12
17,10.1,1.0,1.0,189.6,Ride,300687038,0,7,0,0,False,4.453,11.1,,,83.7,,,305.2,,,170.3,0,0,,2015,May,8,Friday,17
18,20.7,1.6,1.9,270.3,Ride,300168314,10,8,0,0,False,5.659,12.0,71.2,18.0,72.3,477.0,91.0,425.1,118.8,167.0,170.6,1,0,34.0,2015,May,7,Thursday,18
19,20.7,1.3,1.3,288.7,Ride,298915301,31,8,2,0,False,6.987,9.4,78.6,20.0,119.3,409.0,130.0,567.5,,,169.0,12,0,,2015,May,5,Tuesday,18
20,13.1,1.0,1.0,325.5,Ride,298298906,5,7,0,0,False,5.938,13.2,,,126.5,,,449.9,,,169.0,0,0,,2015,May,4,Monday,17
21,45.8,4.8,6.0,472.8,Ride,297481090,30,9,0,0,False,4.286,11.5,55.6,20.0,37.4,1872.0,77.0,642.3,110.1,166.0,175.2,9,1,83.0,2015,May,3,Sunday,8
22,21.0,1.5,1.6,306.8,Ride,295084371,23,10,0,0,False,6.15,10.8,69.7,18.0,97.3,401.0,118.0,534.9,,,169.9,16,0,,2015,April,29,Wednesday,17
23,13.4,1.2,3.8,379.6,Ride,293215183,1,4,0,0,False,5.107,10.7,,24.0,77.1,,,325.7,,,170.3,0,0,,2015,April,26,Sunday,13
24,27.3,2.6,6.3,320.2,Ride,292455989,14,9,0,0,False,4.714,15.9,,,88.9,,,827.7,,,169.3,1,1,,2015,April,25,Saturday,10
25,22.5,1.8,2.2,316.6,Ride,288744103,6,7,0,0,False,5.493,12.2,65.3,20.0,52.9,310.0,77.0,349.2,,,173.6,0,0,,2015,April,19,Sunday,13
26,40.9,3.0,4.0,1467.2,Ride,287942815,7,5,0,0,False,6.071,18.1,68.9,29.0,71.1,423.0,103.0,770.2,,,551.8,0,1,,2015,April,18,Saturday,10
27,18.5,2.1,7.9,409.1,Ride,283615666,3,5,0,0,False,4.035,15.0,,,68.2,,,504.2,,,165.7,1,0,,2015,April,11,Saturday,15
28,107.0,7.8,10.0,5244.1,Ride,197202825,42,6,0,0,False,6.157,18.3,68.0,22.0,90.4,564.0,113.0,2528.9,147.7,186.0,609.6,26,0,297.0,2014,September,20,Saturday,7
29,28.8,1.9,2.9,1093.5,Ride,194457079,37,4,0,0,False,6.9,16.3,72.2,19.0,108.7,850.0,135.0,729.7,147.0,177.0,545.9,7,0,69.0,2014,September,14,Sunday,9
30,25.9,1.6,1.8,932.4,Ride,177763739,39,6,3,0,False,7.257,14.4,80.4,28.0,119.9,480.0,137.0,690.1,150.4,175.0,545.6,22,0,67.0,2014,August,9,Saturday,9
31,13.1,0.8,0.9,516.7,Ride,173739993,39,3,0,0,False,6.933,11.6,77.0,25.0,116.8,601.0,145.0,354.3,147.1,177.0,176.8,15,0,31.0,2014,July,31,Thursday,19
32,27.6,1.7,1.8,1020.7,Ride,171782348,44,6,0,0,False,7.196,19.0,76.2,32.0,126.2,,,778.4,162.2,183.0,545.9,23,0,106.0,2014,July,27,Sunday,13
33,18.4,1.4,7.3,378.9,Ride,171261405,17,6,0,0,False,5.916,10.7,,31.0,83.0,,,415.6,,,169.9,3,0,,2014,July,26,Saturday,7
34,16.4,1.5,1.7,586.6,Ride,170537741,3,5,0,0,False,4.791,11.1,59.2,25.0,74.5,,,411.1,106.3,166.0,212.9,2,0,24.0,2014,July,24,Thursday,19
35,31.1,2.6,5.3,510.2,Ride,168664372,23,7,3,0,False,5.306,21.1,,32.0,75.2,,,709.7,,,202.1,9,0,,2014,July,20,Sunday,12
36,25.2,2.3,6.3,676.5,Ride,165634065,4,7,0,0,False,4.982,24.9,,32.0,78.5,,,640.3,,,207.7,1,0,,2014,July,13,Sunday,15
37,40.1,3.1,4.6,808.7,Ride,165004945,69,6,2,0,False,5.737,13.2,64.9,33.0,80.6,,,906.5,,,176.5,31,0,,2014,July,12,Saturday,9
38,25.7,2.4,2.9,826.4,Ride,164326220,11,4,0,0,False,4.765,11.4,57.0,25.0,66.5,,,578.5,103.3,169.0,202.1,4,0,35.0,2014,July,10,Thursday,18
39,13.6,0.9,1.0,514.8,Ride,163515636,19,5,2,0,False,6.772,12.0,71.8,31.0,129.7,,,419.3,150.8,174.0,176.2,12,0,34.0,2014,July,8,Tuesday,19
40,40.7,2.7,3.8,1912.1,Ride,162507945,51,6,0,0,False,6.702,17.0,68.7,31.0,122.3,,,1194.8,,,545.6,23,0,,2014,July,6,Sunday,9
41,36.9,2.8,4.3,123.4,Ride,159788449,0,7,0,0,False,5.933,14.4,114.4,30.0,74.9,,,749.5,,,81.0,0,0,,2014,June,29,Sunday,9
42,84.8,6.4,9.5,2269.0,Ride,156892679,6,6,0,0,False,5.946,13.8,64.9,26.0,89.7,,,2059.5,,,282.8,2,0,,2014,June,22,Sunday,6
43,21.6,2.2,3.8,789.4,Ride,152510331,2,5,1,0,False,4.403,20.6,,27.0,70.8,,,560.2,,,201.8,0,0,,2014,June,11,Wednesday,19
44,21.9,1.4,1.4,379.3,Ride,152063965,33,4,0,0,False,7.056,11.3,79.5,24.0,117.1,,,585.5,,,176.2,22,0,,2014,June,10,Tuesday,19
45,31.6,2.5,3.7,1128.3,Ride,150684733,68,5,0,0,False,5.596,11.6,58.8,32.0,95.9,,,871.3,,,169.9,12,0,,2014,June,7,Saturday,12
46,15.3,1.4,2.4,597.1,Ride,149600617,2,3,0,0,False,4.795,12.7,,30.0,62.8,,,321.7,,,410.8,0,0,,2014,June,4,Wednesday,18
47,40.2,2.7,4.2,2030.8,Ride,148345749,41,7,0,0,False,6.703,16.0,71.3,28.0,129.9,,,1253.9,,,545.6,20,0,,2014,June,1,Sunday,9
48,40.8,3.0,3.7,2052.8,Ride,145961131,39,6,0,0,False,6.011,15.2,70.8,33.0,104.0,,,1134.9,,,545.9,5,0,,2014,May,26,Monday,12
49,54.9,4.5,6.1,986.9,Ride,145553411,23,4,0,0,False,5.468,19.0,,30.0,79.3,,,1282.0,,,177.5,4,0,,2014,May,25,Sunday,9
50,20.0,1.8,2.0,542.0,Ride,145106462,32,4,0,0,False,5.091,9.7,53.5,22.0,75.1,,,475.3,,,171.9,15,0,,2014,May,24,Saturday,13
51,26.8,2.0,4.0,407.8,Ride,143730469,13,2,0,0,False,5.876,17.6,,29.0,93.2,,,682.6,,,172.9,6,0,,2014,May,20,Tuesday,19
52,29.0,2.0,2.2,1135.5,Ride,140056577,42,7,0,0,False,6.356,15.8,74.0,32.0,102.3,,,751.8,,,545.6,4,0,,2014,May,11,Sunday,13
53,20.1,1.6,2.0,964.6,Ride,137063315,0,7,3,0,False,5.572,10.3,71.1,20.0,103.9,,,602.0,,,471.5,0,0,,2014,May,3,Saturday,14
54,4.4,0.7,0.7,116.5,Run,95714289,6,0,0,0,False,2.841,9.2,,,,,,,,,134.2,1,0,,2013,November,17,Sunday,15
55,2.0,0.3,0.3,79.7,Run,94965795,0,0,0,0,False,2.878,7.0,,,,,,,,,160.4,0,0,,2013,November,13,Wednesday,20
56,2.4,0.3,0.3,50.9,Run,94609209,4,0,0,0,False,3.064,11.3,,,,,,,,,202.1,0,0,,2013,November,11,Monday,21
57,3.1,0.5,0.5,41.3,Run,94107660,5,1,0,0,False,2.863,12.0,,,,,,,,,128.0,4,0,,2013,November,9,Saturday,13
58,2.4,0.4,0.4,65.9,Run,93277464,1,0,0,0,False,2.783,11.1,,,,,,,,,119.1,1,0,,2013,November,4,Monday,20
59,2.0,0.3,0.3,83.7,Run,92781112,1,0,0,0,False,2.769,4.3,,,,,,,,,121.7,0,0,,2013,November,2,Saturday,15
60,100.1,7.9,9.7,4799.2,Ride,83966808,62,3,1,0,False,5.681,18.6,68.2,22.0,94.4,,,2677.1,139.1,188.0,611.5,5,0,244.0,2013,September,21,Saturday,6
61,98.2,8.7,11.9,2003.6,Ride,81132244,63,3,2,0,False,5.061,12.4,62.9,28.0,64.5,,,2015.3,,,222.4,16,0,,2013,September,8,Sunday,5
62,19.0,1.6,1.6,368.8,Ride,64903257,5,1,0,0,False,5.439,16.1,,33.0,82.8,,,465.5,,,214.9,1,0,,2013,July,4,Thursday,12
63,2.9,0.5,0.5,125.0,Run,64374521,0,1,0,0,False,2.639,8.2,,,,,,,,,253.9,0,0,,2013,July,2,Tuesday,22
64,40.8,4.3,6.9,885.5,Ride,62897325,17,0,0,0,False,4.205,20.2,,33.0,54.1,,,844.2,,,233.6,12,0,,2013,June,22,Saturday,11
65,31.3,2.5,4.8,528.2,Ride,61810359,20,1,0,0,False,5.533,17.9,,29.0,79.6,,,725.4,,,210.3,11,0,,2013,June,20,Thursday,18
66,15.5,1.2,6.1,472.4,Ride,60858151,2,1,1,0,False,5.631,10.5,67.7,27.0,83.2,,,369.5,,,201.8,1,0,,2013,June,16,Sunday,15
67,42.3,3.1,4.8,2231.6,Ride,60601247,19,3,0,0,False,6.062,15.9,71.1,30.0,110.8,,,1244.5,,,545.9,9,0,,2013,June,15,Saturday,12
68,43.8,4.0,8.1,1908.1,Ride,57619444,3,2,2,0,False,4.853,16.0,61.4,37.0,73.6,,,1069.1,,,366.1,1,0,,2013,June,1,Saturday,12
69,30.6,2.7,6.4,531.8,Ride,56497374,23,3,2,0,False,5.149,11.1,67.7,22.0,72.4,,,692.6,,,216.9,5,0,,2013,May,26,Sunday,14
70,51.6,4.9,6.7,720.1,Ride,52574831,54,3,1,0,False,4.73,13.2,61.8,15.0,60.9,,,1069.0,,,227.4,31,0,,2013,May,5,Sunday,6
71,35.6,3.1,4.6,857.6,Ride,52380292,6,2,0,0,False,5.129,9.9,67.9,18.0,73.2,,,816.3,,,214.9,3,0,,2013,May,4,Saturday,14
72,50.5,4.5,7.3,1250.3,Ride,51081050,6,2,1,0,False,4.963,11.5,62.5,21.0,70.8,,,1158.9,,,269.0,1,0,,2013,April,27,Saturday,13
73,30.0,2.1,2.1,1483.6,Ride,48833847,0,3,0,0,False,6.478,13.888,73.3,16.0,105.1,,,783.5,,,545.9,0,0,,2013,April,14,Sunday,14
74,24.8,2.8,5.0,663.7,Ride,48688520,2,1,0,0,False,3.925,13.604,54.0,15.0,52.1,,,529.3,82.7,168.0,144.0,0,0,35.0,2013,April,13,Saturday,14
75,19.5,1.9,2.5,466.5,Ride,47805172,0,0,0,0,False,4.651,8.13,62.1,14.0,56.5,,,381.1,,,216.9,0,0,,2013,April,7,Sunday,13
76,41.8,3.8,6.6,2374.3,Ride,47593917,9,1,1,0,False,4.912,14.448,60.4,12.0,78.4,,,1075.1,,,545.9,5,0,,2013,April,6,Saturday,12
77,31.8,3.5,6.4,824.8,Ride,46676560,8,1,0,0,False,4.086,10.342,61.2,17.0,46.9,,,587.5,,,216.5,0,0,,2013,March,30,Saturday,13
78,10.5,1.2,1.5,764.4,Ride,38143262,1,0,0,0,False,3.761,10.312,54.7,13.0,54.0,,,241.3,,,312.3,0,0,,2013,January,20,Sunday,12
79,29.4,3.0,145.9,620.7,Ride,38122626,4,0,0,0,False,4.321,12.916,60.0,12.0,52.0,,,569.2,,,212.3,3,0,,2013,January,13,Sunday,14
80,15.5,1.6,1.8,769.0,Ride,26948007,0,0,0,0,False,4.201,10.88,55.0,12.0,51.6,,,305.8,103.3,147.0,421.9,0,0,23.0,2012,November,3,Saturday,13
81,40.3,3.4,6.8,748.7,Ride,22241246,33,0,0,0,False,5.318,10.886,74.5,24.0,68.0,,,828.7,125.3,167.0,217.2,15,0,75.0,2012,September,16,Sunday,14
82,106.4,9.4,11.1,1988.2,Ride,21457090,38,0,0,0,False,5.072,13.716,66.9,25.0,64.7,,,2185.2,111.7,166.0,220.8,9,0,164.0,2012,September,9,Sunday,6
83,19.4,1.8,1.8,367.8,Ride,20660624,31,0,0,0,False,4.729,11.629,,,59.0,,,390.5,,,211.9,13,0,,2012,September,2,Sunday,21
84,18.9,2.1,2.4,327.4,Ride,20660627,0,0,0,0,False,4.098,12.206,,,45.7,,,339.5,,,201.8,0,0,,2012,September,2,Sunday,13
85,50.4,4.4,9.6,1261.2,Ride,20537085,70,0,0,0,False,5.166,11.74,70.3,31.0,74.6,,,1171.8,132.8,179.0,242.5,31,0,126.0,2012,September,1,Saturday,13
86,31.1,2.7,4.0,557.4,Ride,20233106,31,0,0,0,False,5.164,11.048,72.1,25.0,67.5,,,654.5,119.6,169.0,201.8,10,0,56.0,2012,August,29,Wednesday,18
87,65.4,6.4,10.5,923.6,Ride,19740362,49,0,0,0,False,4.566,10.237,60.3,28.0,48.7,,,1123.3,120.6,173.0,214.9,13,0,137.0,2012,August,25,Saturday,11
88,37.4,3.3,5.6,894.4,Ride,19108373,13,0,0,0,False,5.056,11.697,64.1,24.0,64.8,,,771.2,,,258.9,7,0,,2012,August,19,Sunday,17
89,32.2,3.5,6.1,1461.3,Ride,18982405,0,0,0,0,False,4.148,15.954,49.2,25.0,56.2,,,702.3,108.4,172.0,545.6,0,0,57.0,2012,August,18,Saturday,15
90,24.3,2.3,2.8,1164.7,Ride,18419677,74,0,0,0,False,4.782,16.32,65.4,27.0,71.0,,,580.6,133.6,182.0,314.3,30,0,81.0,2012,August,13,Monday,19
91,30.3,2.7,5.3,768.0,Ride,17996847,64,0,0,0,False,5.1,13.604,,31.0,77.6,,,740.7,,,201.8,7,0,,2012,August,11,Saturday,14
92,1.3,0.1,0.2,34.1,Ride,17996827,0,0,0,0,False,4.097,9.814,,28.0,43.3,,,21.8,,,163.4,0,0,,2012,August,6,Monday,20
93,19.9,2.3,2.9,437.3,Ride,17997731,2,0,0,0,False,3.93,14.547,,,49.6,,,403.5,,,214.2,1,0,,2012,August,5,Sunday,13
94,15.3,1.0,1.0,163.7,Ride,17997703,5,0,0,0,False,6.693,12.051,,,97.6,,,358.1,,,215.2,2,0,,2012,August,4,Saturday,17
95,31.9,2.7,5.4,688.6,Ride,17997649,10,0,0,0,False,5.204,14.715,,,74.2,,,732.4,,,213.6,1,0,,2012,August,2,Thursday,18
96,21.4,1.8,1.9,621.7,Ride,17997553,30,0,0,0,False,5.432,12.967,,,88.4,,,559.8,,,201.8,3,0,,2012,July,30,Monday,19
97,35.8,2.8,3.9,521.7,Ride,17997483,18,0,0,0,False,5.657,20.524,,,82.1,,,837.7,,,212.6,14,0,,2012,July,25,Wednesday,18
98,49.2,3.9,4.1,1976.7,Ride,14097249,6,0,0,0,False,5.687,13.639,,,106.7,,,1485.6,,,627.0,3,0,,2012,July,21,Saturday,10
99,10.6,0.8,2.8,343.2,Ride,20538133,1,0,0,0,False,6.023,14.265,,,106.0,,,299.3,,,201.8,0,0,,2012,July,19,Thursday,18
100,10.9,0.8,1.9,258.5,Ride,20538134,2,0,0,0,False,5.868,16.875,,,91.9,,,275.3,,,201.8,0,0,,2012,July,12,Thursday,18
101,21.9,2.0,2.7,609.3,Ride,20538135,8,0,0,0,False,4.783,11.894,,,77.5,,,569.6,,,316.6,0,0,,2012,July,4,Wednesday,14
102,11.8,1.5,1.7,317.6,Ride,12251971,1,0,0,0,False,3.606,9.276,,,43.2,,,227.4,,,202.1,1,0,,2012,July,1,Sunday,19
103,10.8,1.3,1.4,184.7,Ride,12252019,0,0,0,0,False,3.663,23.386,,,38.5,,,183.3,,,201.4,0,0,,2012,July,1,Sunday,13
104,10.6,1.4,2.9,345.8,Ride,12252081,0,0,0,0,False,3.335,7.591,,,42.1,,,214.4,,,186.7,0,0,,2012,June,30,Saturday,12
105,10.9,1.0,1.1,304.1,Ride,11982207,6,0,0,0,False,4.679,13.532,,,68.2,,,256.2,,,202.1,1,0,,2012,June,27,Wednesday,22
106,10.1,0.9,0.9,128.3,Ride,11982157,1,0,0,0,False,5.166,11.28,,,64.5,,,203.6,,,174.9,1,0,,2012,June,27,Wednesday,17
107,7.8,0.8,0.9,112.5,Ride,11732903,2,0,0,0,False,4.245,18.441,,,52.2,,,154.8,,,79.1,0,0,,2012,June,23,Saturday,21
108,17.2,1.6,2.0,220.8,Ride,11732890,3,0,0,0,False,4.651,14.182,,,57.6,,,342.2,,,201.8,0,0,,2012,June,23,Saturday,12
109,26.7,2.2,2.4,424.5,Ride,11732854,9,0,0,0,False,5.391,20.207,,,90.9,,,723.5,,,201.8,4,0,,2012,June,19,Tuesday,19
110,14.2,1.3,1.3,483.6,Ride,11732833,2,0,0,0,False,4.865,14.595,,,79.6,,,372.9,,,211.6,2,0,,2012,June,17,Sunday,21
111,4.1,0.4,0.5,42.0,Ride,11732792,1,0,0,0,False,4.11,13.052,,,54.1,,,87.4,,,78.7,0,0,,2012,June,17,Sunday,14
112,2.1,0.3,0.3,86.0,Ride,11732760,0,0,0,0,False,3.567,8.269,,,57.0,,,55.1,,,82.7,0,0,,2012,June,16,Saturday,18
113,2.4,0.2,0.2,43.0,Ride,11732689,0,0,0,0,False,4.463,11.911,,,67.0,,,58.6,,,78.7,0,0,,2012,June,16,Saturday,17
114,34.8,3.6,6.0,534.1,Ride,11732533,6,0,0,0,False,4.265,12.329,,,49.1,,,643.6,,,201.8,1,0,,2012,June,3,Sunday,7
115,12.4,1.3,1.4,283.5,Ride,11732479,2,0,0,0,False,4.222,12.033,,,53.1,,,251.2,,,201.8,2,0,,2012,June,2,Saturday,12
116,11.9,1.3,1.7,169.6,Ride,11732411,1,0,0,0,False,4.027,12.185,,,42.7,,,203.7,,,249.3,1,0,,2012,May,26,Saturday,15
117,8.4,1.1,1.5,353.3,Ride,11732225,2,0,0,0,False,3.522,12.67,,,61.7,,,235.8,,,253.3,0,0,,2012,May,16,Wednesday,19
